,file,class,Predicted_Values,wmc,tcc,totalMethodsQty,totalFieldsQty,loc,Predicted_Metrics,Euclidean_dist
0,D:\Masters\OOD\Object-Oriented-Design-Project\JHotDraw5.3-master\src\CH\ifa\draw\samples\javadraw\JavaDrawApp.java,CH.ifa.draw.samples.javadraw.JavaDrawApp$Anonymous2,none,1,,1,0,5,[ 1. -1.  1.  0.  5.],[1.]
1,D:\Masters\OOD\Object-Oriented-Design-Project\JHotDraw5.3-master\src\CH\ifa\draw\samples\javadraw\JavaDrawApp.java,CH.ifa.draw.samples.javadraw.JavaDrawApp$Anonymous3,none,1,,1,0,5,[ 1. -1.  1.  0.  5.],[1.]
2,D:\Masters\OOD\Object-Oriented-Design-Project\JHotDraw5.3-master\src\CH\ifa\draw\samples\javadraw\JavaDrawApp.java,CH.ifa.draw.samples.javadraw.JavaDrawApp$Anonymous1,none,1,,1,0,5,[ 1. -1.  1.  0.  5.],[1.]
3,D:\Masters\OOD\Object-Oriented-Design-Project\JHotDraw5.3-master\src\CH\ifa\draw\standard\DragTracker.java,CH.ifa.draw.standard.DragTracker,none,13,0.46666667,6,3,91,[17.  0.  8.  3. 92.],[4.60627591]
4,D:\Masters\OOD\Object-Oriented-Design-Project\JHotDraw5.3-master\src\CH\ifa\draw\samples\javadraw\JavaDrawApp.java,CH.ifa.draw.samples.javadraw.JavaDrawApp$Anonymous4,none,1,,1,0,5,[ 1. -1.  1.  0.  5.],[1.]
5,D:\Masters\OOD\Object-Oriented-Design-Project\JHotDraw5.3-master\src\CH\ifa\draw\standard\AlignCommand.java,CH.ifa.draw.standard.AlignCommand,minor,7,0.06666667,6,1,143,[ 19.   0.  10.   5. 141.],[13.4165735]
6,D:\Masters\OOD\Object-Oriented-Design-Project\JHotDraw5.3-master\src\CH\ifa\draw\standard\ChangeConnectionHandle.java,CH.ifa.draw.standard.ChangeConnectionHandle$UndoActivity,none,10,0.06666667,7,1,37,[10.  0.  6.  1. 37.],[1.00221976]
7,D:\Masters\OOD\Object-Oriented-Design-Project\JHotDraw5.3-master\src\CH\ifa\draw\framework\FigureChangeListener.java,CH.ifa.draw.framework.FigureChangeListener,none,5,0.0,5,0,7,[6. 0. 6. 0. 6.],[1.73205081]
8,D:\Masters\OOD\Object-Oriented-Design-Project\JHotDraw5.3-master\src\CH\ifa\draw\samples\pert\PertApplication.java,CH.ifa.draw.samples.pert.PertApplication,none,3,0.0,3,1,21,[ 4.  0.  3.  2. 21.],[1.41421356]
9,D:\Masters\OOD\Object-Oriented-Design-Project\JHotDraw5.3-master\src\CH\ifa\draw\contrib\WindowMenu.java,CH.ifa.draw.contrib.WindowMenu$ChildMenuItem,major,2,1.0,2,1,10,[ 2.  0.  2.  1. 10.],[1.]
10,D:\Masters\OOD\Object-Oriented-Design-Project\JHotDraw5.3-master\src\CH\ifa\draw\figures\BorderTool.java,CH.ifa.draw.figures.BorderTool,none,3,0.0,3,0,54,[ 1. -1.  1.  0. 57.],[4.24264069]
11,D:\Masters\OOD\Object-Oriented-Design-Project\JHotDraw5.3-master\src\CH\ifa\draw\util\ColorMap.java,CH.ifa.draw.util.ColorEntry,none,1,,1,2,8,[ 1. -1.  1.  2.  8.],[1.]
12,D:\Masters\OOD\Object-Oriented-Design-Project\JHotDraw5.3-master\src\CH\ifa\draw\util\UndoManager.java,CH.ifa.draw.util.UndoManager,none,25,0.40952381,15,4,95,[27.  0. 14.  3. 94.],[2.67725788]
13,D:\Masters\OOD\Object-Oriented-Design-Project\JHotDraw5.3-master\src\CH\ifa\draw\util\StorableOutput.java,CH.ifa.draw.util.StorableOutput,minor,26,0.75,15,3,113,[ 24.   0.  13.   2. 116.],[4.30842198]
14,D:\Masters\OOD\Object-Oriented-Design-Project\JHotDraw5.3-master\src\CH\ifa\draw\contrib\ChopDiamondConnector.java,CH.ifa.draw.contrib.ChopDiamondConnector,none,15,0.0,3,1,42,[15.  0.  4.  0. 41.],[1.73205081]
15,D:\Masters\OOD\Object-Oriented-Design-Project\JHotDraw5.3-master\src\CH\ifa\draw\util\ReverseVectorEnumerator.java,CH.ifa.draw.util.ReverseVectorEnumerator,none,5,1.0,3,2,17,[ 5.  0.  3.  2. 17.],[1.]
16,D:\Masters\OOD\Object-Oriented-Design-Project\JHotDraw5.3-master\src\CH\ifa\draw\contrib\ChopPolygonConnector.java,CH.ifa.draw.contrib.ChopPolygonConnector,none,3,0.0,3,1,11,[ 3.  0.  3.  1. 11.],[0.]
17,D:\Masters\OOD\Object-Oriented-Design-Project\JHotDraw5.3-master\src\CH\ifa\draw\figures\GroupHandle.java,CH.ifa.draw.figures.GroupHandle,none,2,0.0,2,0,13,[ 2.  0.  2.  0. 13.],[0.]
18,D:\Masters\OOD\Object-Oriented-Design-Project\JHotDraw5.3-master\src\CH\ifa\draw\samples\javadraw\JavaDrawViewer.java,CH.ifa.draw.samples.javadraw.JavaDrawViewer,none,14,0.07272727,12,5,62,[17.  0. 12.  3. 62.],[3.60628469]
19,D:\Masters\OOD\Object-Oriented-Design-Project\JHotDraw5.3-master\src\CH\ifa\draw\figures\FigureAttributes.java,CH.ifa.draw.figures.FigureAttributes,none,29,0.5833333,9,3,119,[ 28.   0.   7.   0. 119.],[3.78685592]
20,D:\Masters\OOD\Object-Oriented-Design-Project\JHotDraw5.3-master\src\CH\ifa\draw\samples\pert\PertDependency.java,CH.ifa.draw.samples.pert.PertDependency,none,8,0.0,5,2,39,[ 8.  0.  4.  2. 40.],[1.41421356]
21,D:\Masters\OOD\Object-Oriented-Design-Project\JHotDraw5.3-master\src\CH\ifa\draw\standard\BoxHandleKit.java,CH.ifa.draw.standard.ResizeHandle$UndoActivity,none,9,0.1,6,1,37,[10.  0.  6.  1. 37.],[1.00498756]
22,D:\Masters\OOD\Object-Oriented-Design-Project\JHotDraw5.3-master\src\CH\ifa\draw\contrib\WindowMenu.java,CH.ifa.draw.contrib.WindowMenu,none,4,,2,3,76,[ 9.  0.  4.  4. 77.],[5.56776436]
23,D:\Masters\OOD\Object-Oriented-Design-Project\JHotDraw5.3-master\src\CH\ifa\draw\figures\InsertImageCommand.java,CH.ifa.draw.figures.InsertImageCommand,none,3,0.33333334,3,1,56,[ 1. -1.  1.  0. 57.],[3.43187672]
24,D:\Masters\OOD\Object-Oriented-Design-Project\JHotDraw5.3-master\src\CH\ifa\draw\standard\FastBufferedUpdateStrategy.java,CH.ifa.draw.standard.FastBufferedUpdateStrategy,none,14,0.0,3,5,61,[15.  0.  5.  4. 60.],[2.64575131]
25,D:\Masters\OOD\Object-Oriented-Design-Project\JHotDraw5.3-master\src\CH\ifa\draw\contrib\SplitPaneDrawApplication.java,CH.ifa.draw.contrib.SplitPaneDrawApplication,none,14,0.044444446,10,2,50,[15.  0.  9.  2. 50.],[1.41491177]
26,D:\Masters\OOD\Object-Oriented-Design-Project\JHotDraw5.3-master\src\CH\ifa\draw\util\Clipboard.java,CH.ifa.draw.util.Clipboard,none,4,0.33333334,4,2,15,[ 4.  0.  4.  2. 15.],[0.33333334]
27,D:\Masters\OOD\Object-Oriented-Design-Project\JHotDraw5.3-master\src\CH\ifa\draw\util\StorableInput.java,CH.ifa.draw.util.StorableInput,major,22,0.47619048,10,2,88,[22.  0.  9.  1. 86.],[2.49534714]
28,D:\Masters\OOD\Object-Oriented-Design-Project\JHotDraw5.3-master\src\CH\ifa\draw\figures\PolyLineFigure.java,CH.ifa.draw.figures.PolyLineFigure,none,63,0.3125,34,10,238,[ 60.   0.  36.   8. 232.],[7.28681386]
29,D:\Masters\OOD\Object-Oriented-Design-Project\JHotDraw5.3-master\src\CH\ifa\draw\standard\DuplicateCommand.java,CH.ifa.draw.standard.DuplicateCommand,none,5,0.0,4,0,21,[ 5.  0.  4.  0. 22.],[1.]
30,D:\Masters\OOD\Object-Oriented-Design-Project\JHotDraw5.3-master\src\CH\ifa\draw\standard\DecoratorFigure.java,CH.ifa.draw.standard.DecoratorFigure,none,36,0.002016129,33,3,114,[ 33.   0.  30.   2. 117.],[5.29150301]
31,D:\Masters\OOD\Object-Oriented-Design-Project\JHotDraw5.3-master\src\CH\ifa\draw\standard\SendToBackCommand.java,CH.ifa.draw.standard.SendToBackCommand,none,6,0.0,4,0,70,[ 8.  0.  2.  1. 66.],[5.]
32,D:\Masters\OOD\Object-Oriented-Design-Project\JHotDraw5.3-master\src\CH\ifa\draw\figures\LineDecoration.java,CH.ifa.draw.figures.LineDecoration,none,1,,1,0,3,[ 1. -1.  1.  0.  3.],[1.]
33,D:\Masters\OOD\Object-Oriented-Design-Project\JHotDraw5.3-master\src\CH\ifa\draw\figures\PolyLineHandle.java,CH.ifa.draw.figures.PolyLineHandle,none,8,0.1,6,1,72,[10.  0.  3.  0. 74.],[4.24381903]
34,D:\Masters\OOD\Object-Oriented-Design-Project\JHotDraw5.3-master\src\CH\ifa\draw\figures\TextFigure.java,CH.ifa.draw.figures.TextFigure,none,57,0.12436975,38,15,249,[ 60.   0.  36.   8. 232.],[18.7354068]
35,D:\Masters\OOD\Object-Oriented-Design-Project\JHotDraw5.3-master\src\CH\ifa\draw\framework\Connector.java,CH.ifa.draw.framework.Connector,none,6,0.0,6,0,8,[7. 0. 7. 0. 8.],[1.41421356]
36,D:\Masters\OOD\Object-Oriented-Design-Project\JHotDraw5.3-master\src\CH\ifa\draw\standard\OrderedFigureElement.java,CH.ifa.draw.standard.OrderedFigureElement,none,7,0.6666667,5,2,26,[ 7.  0.  4.  2. 26.],[1.20185044]
37,D:\Masters\OOD\Object-Oriented-Design-Project\JHotDraw5.3-master\src\CH\ifa\draw\applet\DrawApplet.java,CH.ifa.draw.applet.DrawApplet$Anonymous1,minor,2,,1,0,7,[2. 0. 2. 0. 7.],[1.]
38,D:\Masters\OOD\Object-Oriented-Design-Project\JHotDraw5.3-master\src\CH\ifa\draw\applet\DrawApplet.java,CH.ifa.draw.applet.DrawApplet$Anonymous2,none,1,,1,0,5,[ 1. -1.  1.  0.  5.],[1.]
39,D:\Masters\OOD\Object-Oriented-Design-Project\JHotDraw5.3-master\src\CH\ifa\draw\applet\DrawApplet.java,CH.ifa.draw.applet.DrawApplet$Anonymous3,none,2,,1,0,10,[ 2.  0.  2.  0. 10.],[1.]
40,D:\Masters\OOD\Object-Oriented-Design-Project\JHotDraw5.3-master\src\CH\ifa\draw\util\UndoableHandle.java,CH.ifa.draw.util.UndoableHandle,none,20,0.013071896,18,2,63,[20.  0. 18.  3. 63.],[1.00008543]
41,D:\Masters\OOD\Object-Oriented-Design-Project\JHotDraw5.3-master\src\CH\ifa\draw\standard\CopyCommand.java,CH.ifa.draw.standard.CopyCommand,none,4,0.0,3,0,12,[ 4.  0.  4.  0. 12.],[1.]
42,D:\Masters\OOD\Object-Oriented-Design-Project\JHotDraw5.3-master\src\CH\ifa\draw\figures\ElbowHandle.java,CH.ifa.draw.figures.ElbowHandle,none,15,0.4,9,2,97,[15.  0. 11.  4. 98.],[3.02654919]
43,D:\Masters\OOD\Object-Oriented-Design-Project\JHotDraw5.3-master\src\CH\ifa\draw\figures\PolyLineConnector.java,CH.ifa.draw.figures.PolyLineConnector,none,8,0.0,3,1,41,[ 8.  0.  3.  0. 41.],[1.]
44,D:\Masters\OOD\Object-Oriented-Design-Project\JHotDraw5.3-master\src\CH\ifa\draw\contrib\MDIDesktopPane.java,CH.ifa.draw.contrib.MDIDesktopPane,none,19,0.1904762,8,2,99,[ 18.   0.   6.   5. 100.],[3.8776644]
45,D:\Masters\OOD\Object-Oriented-Design-Project\JHotDraw5.3-master\src\CH\ifa\draw\util\Filler.java,CH.ifa.draw.util.Filler,none,6,0.2,5,3,25,[ 6.  0.  4.  3. 25.],[1.0198039]
46,D:\Masters\OOD\Object-Oriented-Design-Project\JHotDraw5.3-master\src\CH\ifa\draw\figures\ArrowTip.java,CH.ifa.draw.figures.ArrowTip,none,13,0.054545455,13,5,61,[17.  0. 13.  5. 60.],[4.12346641]
47,D:\Masters\OOD\Object-Oriented-Design-Project\JHotDraw5.3-master\src\CH\ifa\draw\util\Iconkit.java,CH.ifa.draw.util.Iconkit,none,19,0.21428572,9,6,79,[21.  0.  7.  7. 78.],[3.16952968]
48,D:\Masters\OOD\Object-Oriented-Design-Project\JHotDraw5.3-master\src\CH\ifa\draw\samples\javadraw\Animator.java,CH.ifa.draw.samples.javadraw.Animator,none,6,0.6666667,4,4,34,[ 6.  0.  4.  4. 34.],[0.6666667]
49,D:\Masters\OOD\Object-Oriented-Design-Project\JHotDraw5.3-master\src\CH\ifa\draw\standard\NullHandle.java,CH.ifa.draw.standard.NullHandle,major,2,0.0,2,1,11,[ 2.  0.  2.  1. 10.],[1.]
50,D:\Masters\OOD\Object-Oriented-Design-Project\JHotDraw5.3-master\src\CH\ifa\draw\contrib\PolygonScaleHandle.java,CH.ifa.draw.contrib.PolygonScaleHandle,none,13,0.21428572,8,1,97,[15.  0.  9.  0. 94.],[3.87890685]
51,D:\Masters\OOD\Object-Oriented-Design-Project\JHotDraw5.3-master\src\CH\ifa\draw\samples\javadraw\URLTool.java,CH.ifa.draw.samples.javadraw.URLTool$Anonymous1,none,1,,1,0,5,[ 1. -1.  1.  0.  5.],[1.]
52,D:\Masters\OOD\Object-Oriented-Design-Project\JHotDraw5.3-master\src\CH\ifa\draw\figures\TextTool.java,CH.ifa.draw.figures.TextTool,minor,23,0.030303031,13,2,168,[ 25.   0.  17.   4. 166.],[5.29158939]
53,D:\Masters\OOD\Object-Oriented-Design-Project\JHotDraw5.3-master\src\CH\ifa\draw\util\UndoableAdapter.java,CH.ifa.draw.util.UndoableAdapter,none,17,0.06666667,15,5,62,[17.  0. 13.  5. 60.],[2.82921269]
54,D:\Masters\OOD\Object-Oriented-Design-Project\JHotDraw5.3-master\src\CH\ifa\draw\standard\ChangeConnectionEndHandle.java,CH.ifa.draw.standard.ChangeConnectionEndHandle$UndoActivity,none,2,0.0,2,0,10,[ 2.  0.  2.  0. 10.],[0.]
55,D:\Masters\OOD\Object-Oriented-Design-Project\JHotDraw5.3-master\src\CH\ifa\draw\figures\RadiusHandle.java,CH.ifa.draw.figures.RadiusHandle,none,9,0.0,7,1,81,[12. -1.  9.  3. 78.],[5.19615242]
56,D:\Masters\OOD\Object-Oriented-Design-Project\JHotDraw5.3-master\src\CH\ifa\draw\figures\FontSizeHandle.java,CH.ifa.draw.figures.FontSizeHandle$UndoActivity,none,12,0.071428575,9,2,49,[13.  0.  8.  1. 50.],[2.0012751]
57,D:\Masters\OOD\Object-Oriented-Design-Project\JHotDraw5.3-master\src\CH\ifa\draw\contrib\AutoscrollHelper.java,CH.ifa.draw.contrib.AutoscrollHelper,none,16,0.35714287,8,2,39,[16.  0.  7.  0. 39.],[2.26440964]
58,D:\Masters\OOD\Object-Oriented-Design-Project\JHotDraw5.3-master\src\CH\ifa\draw\standard\SelectAllCommand.java,CH.ifa.draw.standard.SelectAllCommand$UndoActivity,none,5,0.0,3,0,22,[ 5.  0.  4.  0. 22.],[1.]
59,D:\Masters\OOD\Object-Oriented-Design-Project\JHotDraw5.3-master\src\CH\ifa\draw\standard\FigureChangeAdapter.java,CH.ifa.draw.standard.FigureChangeAdapter,none,5,0.0,5,0,12,[ 5.  0.  5.  0. 11.],[1.]
60,D:\Masters\OOD\Object-Oriented-Design-Project\JHotDraw5.3-master\src\CH\ifa\draw\standard\BoxHandleKit.java,CH.ifa.draw.standard.SouthWestHandle,none,2,0.0,2,0,9,[2. 0. 2. 0. 9.],[0.]
61,D:\Masters\OOD\Object-Oriented-Design-Project\JHotDraw5.3-master\src\CH\ifa\draw\util\GraphLayout.java,CH.ifa.draw.util.GraphLayout,none,27,0.53333336,8,8,135,[ 26.   0.   5.   4. 131.],[6.50264904]
62,D:\Masters\OOD\Object-Oriented-Design-Project\JHotDraw5.3-master\src\CH\ifa\draw\standard\SelectionTool.java,CH.ifa.draw.standard.SelectionTool,none,14,0.10714286,8,1,55,[15.  0.  9.  2. 56.],[2.00286784]
63,D:\Masters\OOD\Object-Oriented-Design-Project\JHotDraw5.3-master\src\CH\ifa\draw\standard\ChopBoxConnector.java,CH.ifa.draw.standard.ChopBoxConnector,minor,7,0.0,5,1,36,[ 8. -1.  5.  2. 37.],[2.]
64,D:\Masters\OOD\Object-Oriented-Design-Project\JHotDraw5.3-master\src\CH\ifa\draw\util\CommandChoice.java,CH.ifa.draw.util.CommandChoice,none,6,1.0,3,1,20,[ 5.  0.  3.  1. 20.],[1.41421356]
65,D:\Masters\OOD\Object-Oriented-Design-Project\JHotDraw5.3-master\src\CH\ifa\draw\framework\JHotDrawException.java,CH.ifa.draw.framework.JHotDrawException,none,2,0.0,2,0,9,[2. 0. 2. 0. 9.],[0.]
66,D:\Masters\OOD\Object-Oriented-Design-Project\JHotDraw5.3-master\src\CH\ifa\draw\samples\net\NodeFigure.java,CH.ifa.draw.samples.net.NodeFigure,none,19,0.04761905,13,3,96,[21.  0. 13.  3. 92.],[4.47238947]
67,D:\Masters\OOD\Object-Oriented-Design-Project\JHotDraw5.3-master\src\CH\ifa\draw\standard\AbstractFigure.java,CH.ifa.draw.standard.AbstractFigure,none,47,0.024024025,37,4,147,[ 45.   0.  40.   2. 141.],[7.28014953]
68,D:\Masters\OOD\Object-Oriented-Design-Project\JHotDraw5.3-master\src\CH\ifa\draw\contrib\MDIDesktopPane.java,CH.ifa.draw.contrib.MDIDesktopManager,minor,19,0.4,7,1,74,[18.  0.  6.  1. 74.],[1.46969385]
69,D:\Masters\OOD\Object-Oriented-Design-Project\JHotDraw5.3-master\src\CH\ifa\draw\figures\BorderTool.java,CH.ifa.draw.figures.BorderTool$UndoActivity,none,8,0.0,4,0,38,[ 8.  0.  4.  1. 38.],[1.]
70,D:\Masters\OOD\Object-Oriented-Design-Project\JHotDraw5.3-master\src\CH\ifa\draw\figures\PolyLineHandle.java,CH.ifa.draw.figures.PolyLineHandle$UndoActivity,none,11,0.071428575,8,2,45,[11.  0.  8.  2. 46.],[1.00254778]
71,D:\Masters\OOD\Object-Oriented-Design-Project\JHotDraw5.3-master\src\CH\ifa\draw\standard\BoxHandleKit.java,CH.ifa.draw.standard.ResizeHandle,none,5,0.0,4,0,56,[ 6.  0.  4.  0. 57.],[1.41421356]
72,D:\Masters\OOD\Object-Oriented-Design-Project\JHotDraw5.3-master\src\CH\ifa\draw\util\PaletteListener.java,CH.ifa.draw.util.PaletteListener,none,2,0.0,2,0,4,[2. 0. 2. 0. 4.],[0.]
73,D:\Masters\OOD\Object-Oriented-Design-Project\JHotDraw5.3-master\src\CH\ifa\draw\contrib\TriangleRotationHandle.java,CH.ifa.draw.contrib.TriangleRotationHandle$UndoActivity,none,9,0.06666667,6,1,39,[10.  0.  6.  2. 39.],[1.41578404]
74,D:\Masters\OOD\Object-Oriented-Design-Project\JHotDraw5.3-master\src\CH\ifa\draw\standard\BufferedUpdateStrategy.java,CH.ifa.draw.standard.BufferedUpdateStrategy,none,4,,1,5,18,[ 4.  0.  2.  4. 19.],[1.73205081]
75,D:\Masters\OOD\Object-Oriented-Design-Project\JHotDraw5.3-master\src\CH\ifa\draw\framework\FigureSelection.java,CH.ifa.draw.framework.FigureSelection,none,2,0.0,2,0,4,[2. 0. 2. 0. 4.],[0.]
76,D:\Masters\OOD\Object-Oriented-Design-Project\JHotDraw5.3-master\src\CH\ifa\draw\util\PaletteIcon.java,CH.ifa.draw.util.PaletteIcon,none,6,0.2,6,4,27,[ 7.  0.  6.  3. 28.],[1.74355958]
77,D:\Masters\OOD\Object-Oriented-Design-Project\JHotDraw5.3-master\src\CH\ifa\draw\contrib\GraphicalCompositeFigure.java,CH.ifa.draw.contrib.GraphicalCompositeFigure,none,27,0.00952381,21,3,102,[ 28.   0.  23.   6. 104.],[4.24265138]
78,D:\Masters\OOD\Object-Oriented-Design-Project\JHotDraw5.3-master\src\CH\ifa\draw\contrib\PolygonHandle.java,CH.ifa.draw.contrib.PolygonHandle$UndoActivity,none,3,0.0,2,0,17,[ 3.  0.  2.  1. 17.],[1.]
79,D:\Masters\OOD\Object-Oriented-Design-Project\JHotDraw5.3-master\src\CH\ifa\draw\standard\NullTool.java,CH.ifa.draw.standard.NullTool,none,1,,1,0,5,[ 1. -1.  1.  0.  5.],[1.]
80,D:\Masters\OOD\Object-Oriented-Design-Project\JHotDraw5.3-master\src\CH\ifa\draw\standard\SelectAllCommand.java,CH.ifa.draw.standard.SelectAllCommand,none,6,0.0,4,0,44,[ 6.  0.  3.  0. 45.],[1.41421356]
81,D:\Masters\OOD\Object-Oriented-Design-Project\JHotDraw5.3-master\src\CH\ifa\draw\standard\ToggleGridCommand.java,CH.ifa.draw.standard.ToggleGridCommand,none,3,0.0,2,1,17,[ 3.  0.  2.  1. 17.],[0.]
82,D:\Masters\OOD\Object-Oriented-Design-Project\JHotDraw5.3-master\src\CH\ifa\draw\contrib\PopupMenuFigureSelection.java,CH.ifa.draw.contrib.PopupMenuFigureSelection,none,2,0.0,2,0,4,[2. 0. 2. 0. 4.],[0.]
83,D:\Masters\OOD\Object-Oriented-Design-Project\JHotDraw5.3-master\src\CH\ifa\draw\contrib\Layoutable.java,CH.ifa.draw.contrib.Layoutable,none,3,0.0,3,0,5,[3. 0. 3. 0. 5.],[0.]
84,D:\Masters\OOD\Object-Oriented-Design-Project\JHotDraw5.3-master\src\CH\ifa\draw\util\Bounds.java,CH.ifa.draw.util.Bounds,none,130,0.4067633,48,4,370,[131.   0.  38.   3. 382.],[15.68966081]
85,D:\Masters\OOD\Object-Oriented-Design-Project\JHotDraw5.3-master\src\CH\ifa\draw\standard\BoxHandleKit.java,CH.ifa.draw.standard.NorthEastHandle,none,2,0.0,2,0,9,[2. 0. 2. 0. 9.],[0.]
86,D:\Masters\OOD\Object-Oriented-Design-Project\JHotDraw5.3-master\src\CH\ifa\draw\standard\BoxHandleKit.java,CH.ifa.draw.standard.BoxHandleKit,none,10,0.0,10,0,39,[11.  0.  9.  0. 38.],[1.73205081]
87,D:\Masters\OOD\Object-Oriented-Design-Project\JHotDraw5.3-master\src\CH\ifa\draw\contrib\DragNDropTool.java,CH.ifa.draw.contrib.DragNDropTool,minor,101,0.04,28,7,388,[103.           0.49019608  37.           8.         399.        ],[14.39453634]
88,D:\Masters\OOD\Object-Oriented-Design-Project\JHotDraw5.3-master\src\CH\ifa\draw\standard\AbstractCommand.java,CH.ifa.draw.standard.AbstractCommand,none,35,0.014285714,23,5,138,[ 39.   0.  21.   6. 136.],[5.00002041]
89,D:\Masters\OOD\Object-Oriented-Design-Project\JHotDraw5.3-master\src\CH\ifa\draw\standard\FigureTransferCommand.java,CH.ifa.draw.standard.FigureTransferCommand,none,5,0.0,4,0,17,[ 6.  0.  4.  0. 17.],[1.]
90,D:\Masters\OOD\Object-Oriented-Design-Project\JHotDraw5.3-master\src\CH\ifa\draw\standard\BoxHandleKit.java,CH.ifa.draw.standard.NorthWestHandle,none,2,0.0,2,0,9,[2. 0. 2. 0. 9.],[0.]
91,D:\Masters\OOD\Object-Oriented-Design-Project\JHotDraw5.3-master\src\CH\ifa\draw\util\CommandMenu.java,CH.ifa.draw.util.CommandMenu,none,20,0.07692308,13,1,71,[19.  0. 14.  2. 71.],[1.7337581]
92,D:\Masters\OOD\Object-Oriented-Design-Project\JHotDraw5.3-master\src\CH\ifa\draw\standard\BoxHandleKit.java,CH.ifa.draw.standard.NorthHandle,none,2,0.0,2,0,9,[2. 0. 2. 0. 9.],[0.]
93,D:\Masters\OOD\Object-Oriented-Design-Project\JHotDraw5.3-master\src\CH\ifa\draw\figures\UngroupCommand.java,CH.ifa.draw.figures.UngroupCommand,none,8,0.0,4,0,70,[12.  0.  5.  0. 69.],[4.24264069]
94,D:\Masters\OOD\Object-Oriented-Design-Project\JHotDraw5.3-master\src\CH\ifa\draw\framework\Locator.java,CH.ifa.draw.framework.Locator,none,1,,1,0,3,[ 1. -1.  1.  0.  3.],[1.]
95,D:\Masters\OOD\Object-Oriented-Design-Project\JHotDraw5.3-master\src\CH\ifa\draw\standard\CompositeFigure.java,CH.ifa.draw.standard.CompositeFigure,minor,104,0.12926829,47,6,356,[ 98.   0.  40.   8. 373.],[19.44265183]
96,D:\Masters\OOD\Object-Oriented-Design-Project\JHotDraw5.3-master\src\CH\ifa\draw\standard\AbstractHandle.java,CH.ifa.draw.standard.AbstractHandle,minor,14,0.021978023,14,3,47,[14.  0. 13.  6. 46.],[3.31669761]
97,D:\Masters\OOD\Object-Oriented-Design-Project\JHotDraw5.3-master\src\CH\ifa\draw\framework\PointConstrainer.java,CH.ifa.draw.framework.PointConstrainer,none,3,0.0,3,0,5,[3. 0. 3. 0. 5.],[0.]
98,D:\Masters\OOD\Object-Oriented-Design-Project\JHotDraw5.3-master\src\CH\ifa\draw\util\CommandListener.java,CH.ifa.draw.util.CommandListener,none,3,0.0,3,0,5,[3. 0. 3. 0. 5.],[0.]
99,D:\Masters\OOD\Object-Oriented-Design-Project\JHotDraw5.3-master\src\CH\ifa\draw\standard\FigureChangeEventMulticaster.java,CH.ifa.draw.standard.FigureChangeEventMulticaster,minor,20,0.0,11,0,67,[22.         0.8333333 12.         1.        69.       ],[3.27023614]
100,D:\Masters\OOD\Object-Oriented-Design-Project\JHotDraw5.3-master\src\CH\ifa\draw\standard\BoxHandleKit.java,CH.ifa.draw.standard.SouthHandle,none,2,0.0,2,0,9,[2. 0. 2. 0. 9.],[0.]
101,D:\Masters\OOD\Object-Oriented-Design-Project\JHotDraw5.3-master\src\CH\ifa\draw\util\Geom.java,CH.ifa.draw.util.Geom,minor,48,0.0,17,4,158,[ 41.   0.  16.   4. 163.],[8.66025404]
102,D:\Masters\OOD\Object-Oriented-Design-Project\JHotDraw5.3-master\src\CH\ifa\draw\samples\javadraw\PatternPainter.java,CH.ifa.draw.samples.javadraw.PatternPainter,none,5,1.0,3,1,24,[ 5.  0.  3.  2. 24.],[1.41421356]
103,D:\Masters\OOD\Object-Oriented-Design-Project\JHotDraw5.3-master\src\CH\ifa\draw\standard\AbstractConnector.java,CH.ifa.draw.standard.AbstractConnector,none,11,0.18181819,11,3,37,[11.  0. 11.  3. 36.],[1.01639454]
104,D:\Masters\OOD\Object-Oriented-Design-Project\JHotDraw5.3-master\src\CH\ifa\draw\figures\NumberTextFigure.java,CH.ifa.draw.figures.NumberTextFigure,none,4,0.0,3,2,20,[ 5.  0.  3.  2. 20.],[1.]
105,D:\Masters\OOD\Object-Oriented-Design-Project\JHotDraw5.3-master\src\CH\ifa\draw\samples\javadraw\JavaDrawApp.java,CH.ifa.draw.samples.javadraw.JavaDrawApp,none,18,0.012820513,13,3,127,[ 15.   0.   8.   2. 125.],[6.24501116]
106,D:\Masters\OOD\Object-Oriented-Design-Project\JHotDraw5.3-master\src\CH\ifa\draw\standard\StandardDrawing.java,CH.ifa.draw.standard.StandardDrawing,none,29,0.16190477,16,5,109,[ 32.   0.  18.   6. 110.],[3.87636597]
107,D:\Masters\OOD\Object-Oriented-Design-Project\JHotDraw5.3-master\src\CH\ifa\draw\applet\DrawApplet.java,CH.ifa.draw.applet.DrawApplet,major,67,0.016129032,42,18,359,[8.0000000e+01 1.1666667e-01 1.8000000e+01 1.6000000e+01 3.7100000e+02],[29.88327472]
108,D:\Masters\OOD\Object-Oriented-Design-Project\JHotDraw5.3-master\src\CH\ifa\draw\framework\Tool.java,CH.ifa.draw.framework.Tool,none,17,0.0,17,0,19,[18.  0. 18.  0. 18.],[1.73205081]
109,D:\Masters\OOD\Object-Oriented-Design-Project\JHotDraw5.3-master\src\CH\ifa\draw\contrib\DiamondFigure.java,CH.ifa.draw.contrib.DiamondFigure,none,8,0.0,8,0,37,[ 8.  0.  7.  1. 36.],[1.73205081]
110,D:\Masters\OOD\Object-Oriented-Design-Project\JHotDraw5.3-master\src\CH\ifa\draw\standard\ChangeAttributeCommand.java,CH.ifa.draw.standard.ChangeAttributeCommand,none,6,0.5,4,2,97,[15.  0.  6.  7. 99.],[10.68877916]
111,D:\Masters\OOD\Object-Oriented-Design-Project\JHotDraw5.3-master\src\CH\ifa\draw\framework\ViewChangeListener.java,CH.ifa.draw.framework.ViewChangeListener,none,3,0.0,3,0,5,[3. 0. 3. 0. 5.],[0.]
112,D:\Masters\OOD\Object-Oriented-Design-Project\JHotDraw5.3-master\src\CH\ifa\draw\util\UndoRedoActivity.java,CH.ifa.draw.util.UndoRedoActivity,none,18,0.00952381,15,1,59,[19.  0. 13.  1. 62.],[3.74166951]
113,D:\Masters\OOD\Object-Oriented-Design-Project\JHotDraw5.3-master\src\CH\ifa\draw\figures\TextTool.java,CH.ifa.draw.figures.TextTool$UndoActivity,none,24,0.055555556,9,2,83,[25.  0.  9.  2. 84.],[1.41530436]
114,D:\Masters\OOD\Object-Oriented-Design-Project\JHotDraw5.3-master\src\CH\ifa\draw\standard\StandardDrawingView.java,CH.ifa.draw.standard.StandardDrawingView$Anonymous1,none,5,0.0,5,0,20,[ 5.  0.  4.  0. 19.],[1.41421356]
115,D:\Masters\OOD\Object-Oriented-Design-Project\JHotDraw5.3-master\src\CH\ifa\draw\standard\BringToFrontCommand.java,CH.ifa.draw.standard.BringToFrontCommand,none,6,0.0,4,0,29,[ 6.  0.  3.  1. 29.],[1.41421356]
116,D:\Masters\OOD\Object-Oriented-Design-Project\JHotDraw5.3-master\src\CH\ifa\draw\standard\StandardDrawingView.java,CH.ifa.draw.standard.StandardDrawingView$Anonymous2,none,2,0.0,2,0,10,[ 2.  0.  2.  0. 10.],[0.]
117,D:\Masters\OOD\Object-Oriented-Design-Project\JHotDraw5.3-master\src\CH\ifa\draw\figures\AbstractLineDecoration.java,CH.ifa.draw.figures.AbstractLineDecoration,none,15,0.055555556,9,3,62,[17.  0.  9.  3. 63.],[2.23675802]
118,D:\Masters\OOD\Object-Oriented-Design-Project\JHotDraw5.3-master\src\CH\ifa\draw\standard\BringToFrontCommand.java,CH.ifa.draw.standard.BringToFrontCommand$UndoActivity,none,2,0.0,2,0,8,[2. 0. 2. 0. 8.],[0.]
119,D:\Masters\OOD\Object-Oriented-Design-Project\JHotDraw5.3-master\src\CH\ifa\draw\standard\ConnectionTool.java,CH.ifa.draw.standard.ConnectionTool$UndoActivity,none,8,0.16666667,5,3,42,[ 8.  0.  4.  2. 41.],[1.74005109]
120,D:\Masters\OOD\Object-Oriented-Design-Project\JHotDraw5.3-master\src\CH\ifa\draw\figures\ConnectedTextTool.java,CH.ifa.draw.figures.ConnectedTextTool$UndoActivity,none,15,0.1,5,1,50,[14.  0.  5.  1. 52.],[2.23830293]
121,D:\Masters\OOD\Object-Oriented-Design-Project\JHotDraw5.3-master\src\CH\ifa\draw\standard\DeleteCommand.java,CH.ifa.draw.standard.DeleteCommand$UndoActivity,none,6,1.0,3,1,25,[ 6.  0.  4.  0. 25.],[1.73205081]
122,D:\Masters\OOD\Object-Oriented-Design-Project\JHotDraw5.3-master\src\CH\ifa\draw\framework\DrawingView.java,CH.ifa.draw.framework.DrawingView,none,49,0.0,49,0,51,[50.  0. 50.  0. 50.],[1.73205081]
123,D:\Masters\OOD\Object-Oriented-Design-Project\JHotDraw5.3-master\src\CH\ifa\draw\figures\RoundRectangleFigure.java,CH.ifa.draw.figures.RoundRectangleFigure,none,14,0.42857143,14,6,70,[16.  0. 15.  3. 71.],[3.89662334]
124,D:\Masters\OOD\Object-Oriented-Design-Project\JHotDraw5.3-master\src\CH\ifa\draw\samples\net\NetApp.java,CH.ifa.draw.samples.net.NetApp,none,3,0.0,3,0,18,[ 4.  0.  3.  0. 18.],[1.]
125,D:\Masters\OOD\Object-Oriented-Design-Project\JHotDraw5.3-master\src\CH\ifa\draw\samples\javadraw\JavaDrawApplet.java,CH.ifa.draw.samples.javadraw.JavaDrawApplet$Anonymous1,none,1,,1,0,5,[ 1. -1.  1.  0.  5.],[1.]
126,D:\Masters\OOD\Object-Oriented-Design-Project\JHotDraw5.3-master\src\CH\ifa\draw\standard\SelectAreaTracker.java,CH.ifa.draw.standard.SelectAreaTracker,none,13,0.0,8,1,56,[14.  0.  8.  1. 58.],[2.23606798]
127,D:\Masters\OOD\Object-Oriented-Design-Project\JHotDraw5.3-master\src\CH\ifa\draw\contrib\PolygonHandle.java,CH.ifa.draw.contrib.PolygonHandle,none,9,0.13333334,7,2,50,[10.  0.  8.  2. 49.],[1.73717523]
128,D:\Masters\OOD\Object-Oriented-Design-Project\JHotDraw5.3-master\src\CH\ifa\draw\util\UndoableTool.java,CH.ifa.draw.util.UndoableTool,minor,33,0.0024630541,30,2,101,[ 35.   0.  33.   1. 100.],[3.87298413]
129,D:\Masters\OOD\Object-Oriented-Design-Project\JHotDraw5.3-master\src\CH\ifa\draw\contrib\DragNDropTool.java,CH.ifa.draw.contrib.DragNDropTool$MyTransferable,none,6,0.16666667,4,1,17,[ 6.  0.  4.  0. 17.],[1.01379376]
130,D:\Masters\OOD\Object-Oriented-Design-Project\JHotDraw5.3-master\src\CH\ifa\draw\contrib\PolygonScaleHandle.java,CH.ifa.draw.contrib.PolygonScaleHandle$UndoActivity,none,9,0.06666667,6,1,39,[10.  0.  6.  2. 39.],[1.41578404]
131,D:\Masters\OOD\Object-Oriented-Design-Project\JHotDraw5.3-master\src\CH\ifa\draw\standard\QuadTree.java,CH.ifa.draw.standard.QuadTree,none,43,0.4722222,15,8,171,[ 43.   0.  14.   3. 170.],[5.21756589]
132,D:\Masters\OOD\Object-Oriented-Design-Project\JHotDraw5.3-master\src\CH\ifa\draw\figures\ConnectedTextTool.java,CH.ifa.draw.figures.ConnectedTextTool,none,8,0.16666667,4,1,73,[10.  0.  3.  0. 74.],[2.65099562]
133,D:\Masters\OOD\Object-Oriented-Design-Project\JHotDraw5.3-master\src\CH\ifa\draw\standard\PasteCommand.java,CH.ifa.draw.standard.PasteCommand$UndoActivity,none,6,0.0,3,0,26,[ 6.  0.  4.  0. 25.],[1.41421356]
134,D:\Masters\OOD\Object-Oriented-Design-Project\JHotDraw5.3-master\src\CH\ifa\draw\figures\RadiusHandle.java,CH.ifa.draw.figures.RadiusHandle$UndoActivity,none,9,0.06666667,6,1,37,[10.  0.  6.  1. 37.],[1.00221976]
135,D:\Masters\OOD\Object-Oriented-Design-Project\JHotDraw5.3-master\src\CH\ifa\draw\util\SerializationStorageFormat.java,CH.ifa.draw.util.SerializationStorageFormat,none,6,0.0,5,0,28,[ 5.  0.  4.  1. 28.],[1.73205081]
136,D:\Masters\OOD\Object-Oriented-Design-Project\JHotDraw5.3-master\src\CH\ifa\draw\standard\ActionTool.java,CH.ifa.draw.standard.ActionTool,none,5,0.0,4,0,16,[ 5.  0.  4.  0. 16.],[0.]
137,D:\Masters\OOD\Object-Oriented-Design-Project\JHotDraw5.3-master\src\CH\ifa\draw\applet\DrawApplet.java,CH.ifa.draw.applet.SleeperThread,none,4,1.0,2,1,17,[ 3.  0.  2.  1. 17.],[1.41421356]
138,D:\Masters\OOD\Object-Oriented-Design-Project\JHotDraw5.3-master\src\CH\ifa\draw\util\ColorMap.java,CH.ifa.draw.util.ColorMap,none,14,0.4,6,1,37,[12.  0.  6.  1. 37.],[2.03960781]
139,D:\Masters\OOD\Object-Oriented-Design-Project\JHotDraw5.3-master\src\CH\ifa\draw\figures\InsertImageCommand.java,CH.ifa.draw.figures.InsertImageCommand$UndoActivity,none,10,0.13333334,6,2,40,[10.  0.  6.  2. 39.],[1.00884973]
140,D:\Masters\OOD\Object-Oriented-Design-Project\JHotDraw5.3-master\src\CH\ifa\draw\framework\Handle.java,CH.ifa.draw.framework.Handle,none,13,0.0,13,1,16,[14.  0. 14.  0. 14.],[2.64575131]
141,D:\Masters\OOD\Object-Oriented-Design-Project\JHotDraw5.3-master\src\CH\ifa\draw\contrib\MDI_DrawApplication.java,CH.ifa.draw.contrib.MDI_DrawApplication,none,41,0.03988604,27,3,152,[ 39.   0.  23.   1. 153.],[5.00015909]
142,D:\Masters\OOD\Object-Oriented-Design-Project\JHotDraw5.3-master\src\CH\ifa\draw\figures\BorderDecorator.java,CH.ifa.draw.figures.BorderDecorator,none,10,0.027777778,9,5,54,[11.  0.  7.  6. 56.],[3.16239966]
143,D:\Masters\OOD\Object-Oriented-Design-Project\JHotDraw5.3-master\src\CH\ifa\draw\figures\ElbowConnection.java,CH.ifa.draw.figures.ElbowTextLocator,minor,1,,1,0,7,[2. 0. 2. 0. 7.],[1.41421356]
144,D:\Masters\OOD\Object-Oriented-Design-Project\JHotDraw5.3-master\src\CH\ifa\draw\figures\GroupCommand.java,CH.ifa.draw.figures.GroupCommand$UndoActivity,none,8,0.0,4,0,45,[ 8.  0.  5.  1. 45.],[1.41421356]
145,D:\Masters\OOD\Object-Oriented-Design-Project\JHotDraw5.3-master\src\CH\ifa\draw\standard\DragTracker.java,CH.ifa.draw.standard.DragTracker$UndoActivity,none,11,0.071428575,8,2,42,[10.  0.  8.  2. 40.],[2.23720854]
146,D:\Masters\OOD\Object-Oriented-Design-Project\JHotDraw5.3-master\src\CH\ifa\draw\standard\NullDrawingView.java,CH.ifa.draw.standard.NullDrawingView,none,54,0.003628447,53,6,153,[ 54.   0.  47.   3. 169.],[17.34935195]
147,D:\Masters\OOD\Object-Oriented-Design-Project\JHotDraw5.3-master\src\CH\ifa\draw\util\VersionManagement.java,CH.ifa.draw.util.VersionManagement,none,19,0.04761905,7,3,97,[17.  0.  6.  1. 96.],[3.16263617]
148,D:\Masters\OOD\Object-Oriented-Design-Project\JHotDraw5.3-master\src\CH\ifa\draw\samples\nothing\NothingApp.java,CH.ifa.draw.samples.nothing.NothingApp,none,3,0.0,3,0,28,[ 2.  0.  2.  0. 28.],[1.41421356]
149,D:\Masters\OOD\Object-Oriented-Design-Project\JHotDraw5.3-master\src\CH\ifa\draw\standard\DeleteCommand.java,CH.ifa.draw.standard.DeleteCommand,minor,5,0.0,4,0,43,[ 6. -1.  3.  0. 42.],[2.]
150,D:\Masters\OOD\Object-Oriented-Design-Project\JHotDraw5.3-master\src\CH\ifa\draw\figures\ChopEllipseConnector.java,CH.ifa.draw.figures.ChopEllipseConnector,none,3,0.0,3,1,13,[ 3.  0.  3.  1. 13.],[0.]
151,D:\Masters\OOD\Object-Oriented-Design-Project\JHotDraw5.3-master\src\CH\ifa\draw\samples\pert\PertFigure.java,CH.ifa.draw.samples.pert.PertFigure,none,47,0.1,32,6,222,[ 51.   0.  27.  10. 220.],[7.81088983]
152,D:\Masters\OOD\Object-Oriented-Design-Project\JHotDraw5.3-master\src\CH\ifa\draw\standard\AbstractLocator.java,CH.ifa.draw.standard.AbstractLocator,none,5,0.0,4,1,17,[ 5.  0.  3.  1. 17.],[1.]
153,D:\Masters\OOD\Object-Oriented-Design-Project\JHotDraw5.3-master\src\CH\ifa\draw\standard\SendToBackCommand.java,CH.ifa.draw.standard.SendToBackCommand$UndoActivity,none,12,0.14285715,7,1,49,[13.  0.  8.  1. 50.],[1.73793215]
154,D:\Masters\OOD\Object-Oriented-Design-Project\JHotDraw5.3-master\src\CH\ifa\draw\util\Undoable.java,CH.ifa.draw.util.Undoable,none,11,0.0,11,0,13,[12.  0. 12.  0. 12.],[1.73205081]
155,D:\Masters\OOD\Object-Oriented-Design-Project\JHotDraw5.3-master\src\CH\ifa\draw\contrib\CustomToolBar.java,CH.ifa.draw.contrib.CustomToolBar,none,10,0.6666667,6,4,45,[ 9.  0.  6.  3. 45.],[1.56347193]
156,D:\Masters\OOD\Object-Oriented-Design-Project\JHotDraw5.3-master\src\CH\ifa\draw\util\VersionControlStrategy.java,CH.ifa.draw.util.VersionControlStrategy,none,1,,1,0,3,[ 1. -1.  1.  0.  3.],[1.]
157,D:\Masters\OOD\Object-Oriented-Design-Project\JHotDraw5.3-master\src\CH\ifa\draw\samples\javadraw\AnimationDecorator.java,CH.ifa.draw.samples.javadraw.AnimationDecorator,none,18,0.33333334,10,4,50,[19.  0. 11.  2. 52.],[3.17979734]
158,D:\Masters\OOD\Object-Oriented-Design-Project\JHotDraw5.3-master\src\CH\ifa\draw\util\StorageFormat.java,CH.ifa.draw.util.StorageFormat,none,3,0.0,3,0,5,[3. 0. 3. 0. 5.],[0.]
159,D:\Masters\OOD\Object-Oriented-Design-Project\JHotDraw5.3-master\src\CH\ifa\draw\standard\LocatorConnector.java,CH.ifa.draw.standard.LocatorConnector,none,8,0.53571427,8,4,38,[10.          0.73333335  9.          5.         38.        ],[2.45744853]
160,D:\Masters\OOD\Object-Oriented-Design-Project\JHotDraw5.3-master\src\CH\ifa\draw\figures\RectangleFigure.java,CH.ifa.draw.figures.RectangleFigure,minor,10,0.06666667,10,3,45,[ 9.  0.  9.  3. 46.],[1.73333333]
161,D:\Masters\OOD\Object-Oriented-Design-Project\JHotDraw5.3-master\src\CH\ifa\draw\framework\FigureEnumeration.java,CH.ifa.draw.framework.FigureEnumeration,none,1,,1,0,3,[ 1. -1.  1.  0.  3.],[1.]
162,D:\Masters\OOD\Object-Oriented-Design-Project\JHotDraw5.3-master\src\CH\ifa\draw\framework\DrawingEditor.java,CH.ifa.draw.framework.DrawingEditor,none,9,0.0,9,0,11,[ 9.  0.  9.  0. 12.],[1.]
163,D:\Masters\OOD\Object-Oriented-Design-Project\JHotDraw5.3-master\src\CH\ifa\draw\contrib\PolygonFigure.java,CH.ifa.draw.contrib.PolygonFigure,major,70,0.006722689,35,4,311,[ 67.   0.  24.  12. 311.],[13.9283899]
164,D:\Masters\OOD\Object-Oriented-Design-Project\JHotDraw5.3-master\src\CH\ifa\draw\standard\BoxHandleKit.java,CH.ifa.draw.standard.EastHandle,none,2,0.0,2,0,9,[2. 0. 2. 0. 9.],[0.]
165,D:\Masters\OOD\Object-Oriented-Design-Project\JHotDraw5.3-master\src\CH\ifa\draw\contrib\Layouter.java,CH.ifa.draw.contrib.Layouter,none,4,0.0,4,0,6,[3. 0. 3. 0. 6.],[1.41421356]
166,D:\Masters\OOD\Object-Oriented-Design-Project\JHotDraw5.3-master\src\CH\ifa\draw\util\CommandButton.java,CH.ifa.draw.util.CommandButton,none,3,1.0,2,1,14,[ 3.  0.  2.  1. 14.],[1.]
167,D:\Masters\OOD\Object-Oriented-Design-Project\JHotDraw5.3-master\src\CH\ifa\draw\framework\FigureSelectionListener.java,CH.ifa.draw.framework.FigureSelectionListener,none,1,,1,0,3,[ 1. -1.  1.  0.  3.],[1.]
168,D:\Masters\OOD\Object-Oriented-Design-Project\JHotDraw5.3-master\src\CH\ifa\draw\standard\BoxHandleKit.java,CH.ifa.draw.standard.WestHandle,none,2,0.0,2,0,9,[2. 0. 2. 0. 9.],[0.]
169,D:\Masters\OOD\Object-Oriented-Design-Project\JHotDraw5.3-master\src\CH\ifa\draw\framework\Figure.java,CH.ifa.draw.framework.Figure,none,34,0.0,34,1,37,[34.  0. 34.  0. 34.],[3.16227766]
170,D:\Masters\OOD\Object-Oriented-Design-Project\JHotDraw5.3-master\src\CH\ifa\draw\application\DrawApplication.java,CH.ifa.draw.application.DrawApplication,none,113,0.008281574,72,18,587,[118.   0.  48.  25. 593.],[26.19160302]
171,D:\Masters\OOD\Object-Oriented-Design-Project\JHotDraw5.3-master\src\CH\ifa\draw\standard\ConnectionTool.java,CH.ifa.draw.standard.ConnectionTool,minor,59,0.0116959065,27,9,241,[ 64.   0.  24.   2. 234.],[11.48913125]
172,D:\Masters\OOD\Object-Oriented-Design-Project\JHotDraw5.3-master\src\CH\ifa\draw\util\Animatable.java,CH.ifa.draw.util.Animatable,none,1,,1,0,3,[ 1. -1.  1.  0.  3.],[1.]
173,D:\Masters\OOD\Object-Oriented-Design-Project\JHotDraw5.3-master\src\CH\ifa\draw\util\PaletteLayout.java,CH.ifa.draw.util.PaletteLayout,none,16,0.10714286,8,3,74,[16.  0.  9.  5. 76.],[3.00191266]
174,D:\Masters\OOD\Object-Oriented-Design-Project\JHotDraw5.3-master\src\CH\ifa\draw\contrib\PolygonTool.java,CH.ifa.draw.contrib.PolygonTool,none,22,0.16666667,11,3,75,[21.  0. 14.  2. 75.],[3.32080981]
175,D:\Masters\OOD\Object-Oriented-Design-Project\JHotDraw5.3-master\src\CH\ifa\draw\figures\ScribbleTool.java,CH.ifa.draw.figures.ScribbleTool,none,17,0.04761905,9,3,56,[15.  0.  9.  2. 56.],[2.23657496]
176,D:\Masters\OOD\Object-Oriented-Design-Project\JHotDraw5.3-master\src\CH\ifa\draw\util\StandardStorageFormat.java,CH.ifa.draw.util.StandardStorageFormat$Anonymous1,none,3,0.0,2,0,13,[ 2.  0.  2.  0. 13.],[1.]
177,D:\Masters\OOD\Object-Oriented-Design-Project\JHotDraw5.3-master\src\CH\ifa\draw\samples\javadraw\MySelectionTool.java,CH.ifa.draw.samples.javadraw.MySelectionTool,none,5,0.0,3,0,18,[ 5.  0.  3.  0. 18.],[0.]
178,D:\Masters\OOD\Object-Oriented-Design-Project\JHotDraw5.3-master\src\CH\ifa\draw\standard\AbstractCommand.java,CH.ifa.draw.standard.AbstractCommand$EventDispatcher,none,11,1.0,6,2,36,[10.  0.  6.  3. 36.],[1.73205081]
179,D:\Masters\OOD\Object-Oriented-Design-Project\JHotDraw5.3-master\src\CH\ifa\draw\standard\FigureEnumerator.java,CH.ifa.draw.standard.FigureEnumerator,none,5,0.6,5,2,19,[ 5.  1.  5.  2. 18.],[1.07703296]
180,D:\Masters\OOD\Object-Oriented-Design-Project\JHotDraw5.3-master\src\CH\ifa\draw\standard\ToolButton.java,CH.ifa.draw.standard.ToolButton,none,20,0.114285715,15,3,82,[19.          0.35897437 14.          5.         82.        ],[2.46168084]
181,D:\Masters\OOD\Object-Oriented-Design-Project\JHotDraw5.3-master\src\CH\ifa\draw\figures\PolyLineLocator.java,CH.ifa.draw.figures.PolyLineLocator,none,3,1.0,2,1,13,[ 3.  0.  2.  1. 13.],[1.]
182,D:\Masters\OOD\Object-Oriented-Design-Project\JHotDraw5.3-master\src\CH\ifa\draw\contrib\MDI_InternalFrame.java,CH.ifa.draw.contrib.MDI_InternalFrame,none,15,0.018181818,11,1,49,[15.  0.  9.  2. 50.],[2.44955722]
183,D:\Masters\OOD\Object-Oriented-Design-Project\JHotDraw5.3-master\src\CH\ifa\draw\standard\StandardDrawingView.java,CH.ifa.draw.standard.StandardDrawingView$ASH,none,4,0.0,4,0,14,[ 4.  0.  4.  0. 14.],[0.]
184,D:\Masters\OOD\Object-Oriented-Design-Project\JHotDraw5.3-master\src\CH\ifa\draw\contrib\WindowMenu.java,CH.ifa.draw.contrib.WindowMenu$Anonymous4,none,2,,1,0,12,[ 2. -1.  1.  0. 12.],[1.]
185,D:\Masters\OOD\Object-Oriented-Design-Project\JHotDraw5.3-master\src\CH\ifa\draw\contrib\WindowMenu.java,CH.ifa.draw.contrib.WindowMenu$Anonymous3,none,3,0.0,3,0,10,[ 3.  0.  3.  0. 10.],[0.]
186,D:\Masters\OOD\Object-Oriented-Design-Project\JHotDraw5.3-master\src\CH\ifa\draw\figures\LineFigure.java,CH.ifa.draw.figures.LineFigure,none,7,0.0,7,2,27,[ 7.  0.  6.  2. 27.],[1.]
187,D:\Masters\OOD\Object-Oriented-Design-Project\JHotDraw5.3-master\src\CH\ifa\draw\standard\ChangeAttributeCommand.java,CH.ifa.draw.standard.ChangeAttributeCommand$UndoActivity,none,19,0.14545454,11,3,72,[19.  0. 14.  2. 71.],[3.3198128]
188,D:\Masters\OOD\Object-Oriented-Design-Project\JHotDraw5.3-master\src\CH\ifa\draw\contrib\WindowMenu.java,CH.ifa.draw.contrib.WindowMenu$Anonymous2,none,3,0.0,2,0,8,[2. 0. 2. 0. 8.],[1.]
189,D:\Masters\OOD\Object-Oriented-Design-Project\JHotDraw5.3-master\src\CH\ifa\draw\contrib\WindowMenu.java,CH.ifa.draw.contrib.WindowMenu$Anonymous1,none,3,0.0,2,0,8,[2. 0. 2. 0. 8.],[1.]
190,D:\Masters\OOD\Object-Oriented-Design-Project\JHotDraw5.3-master\src\CH\ifa\draw\figures\GroupCommand.java,CH.ifa.draw.figures.GroupCommand,none,5,0.0,4,0,63,[ 5.  0.  5.  0. 60.],[3.16227766]
191,D:\Masters\OOD\Object-Oriented-Design-Project\JHotDraw5.3-master\src\CH\ifa\draw\util\PaletteButton.java,CH.ifa.draw.util.PaletteButton,none,20,0.36363637,12,6,74,[22.  0. 13.  5. 72.],[3.18311662]
192,D:\Masters\OOD\Object-Oriented-Design-Project\JHotDraw5.3-master\src\CH\ifa\draw\figures\FontSizeHandle.java,CH.ifa.draw.figures.FontSizeHandle,none,7,0.0,6,0,85,[11.  0.  8.  3. 87.],[5.74456265]
193,D:\Masters\OOD\Object-Oriented-Design-Project\JHotDraw5.3-master\src\CH\ifa\draw\standard\SingleFigureEnumerator.java,CH.ifa.draw.standard.SingleFigureEnumerator,none,5,1.0,4,1,19,[ 5.  0.  4.  1. 19.],[1.]
194,D:\Masters\OOD\Object-Oriented-Design-Project\JHotDraw5.3-master\src\CH\ifa\draw\standard\ReverseFigureEnumerator.java,CH.ifa.draw.standard.ReverseFigureEnumerator,none,4,1.0,4,1,15,[ 4.  0.  4.  1. 15.],[1.]
195,D:\Masters\OOD\Object-Oriented-Design-Project\JHotDraw5.3-master\src\CH\ifa\draw\util\StandardStorageFormat.java,CH.ifa.draw.util.StandardStorageFormat,minor,18,0.04761905,15,3,86,[18.  0. 17.  2. 85.],[2.44995257]
196,D:\Masters\OOD\Object-Oriented-Design-Project\JHotDraw5.3-master\src\CH\ifa\draw\standard\StandardFigureSelection.java,CH.ifa.draw.standard.StandardFigureSelection,none,8,0.33333334,4,2,42,[ 8.  0.  4.  2. 41.],[1.05409256]
197,D:\Masters\OOD\Object-Oriented-Design-Project\JHotDraw5.3-master\src\CH\ifa\draw\samples\nothing\NothingApplet.java,CH.ifa.draw.samples.nothing.NothingApplet,none,1,,1,0,21,[ 1. -1.  1.  0. 21.],[1.]
198,D:\Masters\OOD\Object-Oriented-Design-Project\JHotDraw5.3-master\src\CH\ifa\draw\framework\DrawingChangeEvent.java,CH.ifa.draw.framework.DrawingChangeEvent,none,3,0.33333334,3,1,13,[ 3.  0.  3.  1. 13.],[0.33333334]
199,D:\Masters\OOD\Object-Oriented-Design-Project\JHotDraw5.3-master\src\CH\ifa\draw\framework\DrawingChangeListener.java,CH.ifa.draw.framework.DrawingChangeListener,none,2,0.0,2,0,4,[2. 0. 2. 0. 4.],[0.]
200,D:\Masters\OOD\Object-Oriented-Design-Project\JHotDraw5.3-master\src\CH\ifa\draw\framework\FigureChangeEvent.java,CH.ifa.draw.framework.FigureChangeEvent,none,4,0.5,4,2,18,[ 4.  0.  4.  1. 18.],[1.11803399]
201,D:\Masters\OOD\Object-Oriented-Design-Project\JHotDraw5.3-master\src\CH\ifa\draw\standard\SimpleUpdateStrategy.java,CH.ifa.draw.standard.SimpleUpdateStrategy,none,1,,1,1,6,[2. 0. 2. 1. 6.],[1.41421356]
202,D:\Masters\OOD\Object-Oriented-Design-Project\JHotDraw5.3-master\src\CH\ifa\draw\util\Storable.java,CH.ifa.draw.util.Storable,none,2,0.0,2,0,4,[2. 0. 2. 0. 4.],[0.]
203,D:\Masters\OOD\Object-Oriented-Design-Project\JHotDraw5.3-master\src\CH\ifa\draw\contrib\DNDInterface.java,CH.ifa.draw.contrib.DNDInterface,none,5,0.0,5,0,7,[6. 0. 6. 0. 6.],[1.73205081]
204,D:\Masters\OOD\Object-Oriented-Design-Project\JHotDraw5.3-master\src\CH\ifa\draw\standard\BoxHandleKit.java,CH.ifa.draw.standard.SouthEastHandle,none,2,0.0,2,0,9,[2. 0. 2. 0. 9.],[0.]
205,D:\Masters\OOD\Object-Oriented-Design-Project\JHotDraw5.3-master\src\CH\ifa\draw\standard\LocatorHandle.java,CH.ifa.draw.standard.LocatorHandle,none,3,1.0,3,1,13,[ 3.  0.  3.  1. 13.],[1.]
206,D:\Masters\OOD\Object-Oriented-Design-Project\JHotDraw5.3-master\src\CH\ifa\draw\standard\AbstractTool.java,CH.ifa.draw.standard.AbstractTool,major,37,0.012307692,27,6,173,[ 44.   0.  27.   5. 166.],[9.94988198]
207,D:\Masters\OOD\Object-Oriented-Design-Project\JHotDraw5.3-master\src\CH\ifa\draw\framework\JHotDrawRuntimeException.java,CH.ifa.draw.framework.JHotDrawRuntimeException,none,2,0.0,2,0,9,[2. 0. 2. 0. 9.],[0.]
208,D:\Masters\OOD\Object-Oriented-Design-Project\JHotDraw5.3-master\src\CH\ifa\draw\standard\ChangeConnectionStartHandle.java,CH.ifa.draw.standard.ChangeConnectionStartHandle,none,7,0.0,7,0,33,[ 7.  0.  7.  0. 32.],[1.]
209,D:\Masters\OOD\Object-Oriented-Design-Project\JHotDraw5.3-master\src\CH\ifa\draw\contrib\PolygonFigure.java,CH.ifa.draw.contrib.PolygonFigure$Anonymous1,none,2,,1,0,9,[2. 0. 2. 0. 9.],[1.]
210,D:\Masters\OOD\Object-Oriented-Design-Project\JHotDraw5.3-master\src\CH\ifa\draw\util\StorageFormatManager.java,CH.ifa.draw.util.StorageFormatManager,none,12,0.5714286,8,2,42,[13.          0.53571427  8.          2.         41.        ],[1.41466445]
211,D:\Masters\OOD\Object-Oriented-Design-Project\JHotDraw5.3-master\src\CH\ifa\draw\figures\ShortestDistanceConnector.java,CH.ifa.draw.figures.ShortestDistanceConnector,none,16,0.0,5,1,99,[17.  0.  6.  1. 96.],[3.31662479]
212,D:\Masters\OOD\Object-Oriented-Design-Project\JHotDraw5.3-master\src\CH\ifa\draw\samples\javadraw\BouncingDrawing.java,CH.ifa.draw.samples.javadraw.BouncingDrawing,none,11,0.0,4,2,32,[10.  0.  5.  1. 32.],[1.73205081]
213,D:\Masters\OOD\Object-Oriented-Design-Project\JHotDraw5.3-master\src\CH\ifa\draw\standard\AbstractTool.java,CH.ifa.draw.standard.AbstractTool$EventDispatcher,none,17,1.0,9,2,54,[16.  0.  9.  2. 52.],[2.44948974]
214,D:\Masters\OOD\Object-Oriented-Design-Project\JHotDraw5.3-master\src\CH\ifa\draw\standard\AlignCommand.java,CH.ifa.draw.standard.AlignCommand$Alignment$Anonymous6,none,1,,1,0,6,[ 1. -1.  1.  0.  6.],[1.]
215,D:\Masters\OOD\Object-Oriented-Design-Project\JHotDraw5.3-master\src\CH\ifa\draw\standard\AlignCommand.java,CH.ifa.draw.standard.AlignCommand$Alignment$Anonymous4,none,1,,1,0,6,[ 1. -1.  1.  0.  6.],[1.]
216,D:\Masters\OOD\Object-Oriented-Design-Project\JHotDraw5.3-master\src\CH\ifa\draw\standard\AlignCommand.java,CH.ifa.draw.standard.AlignCommand$Alignment$Anonymous5,none,1,,1,0,6,[ 1. -1.  1.  0.  6.],[1.]
217,D:\Masters\OOD\Object-Oriented-Design-Project\JHotDraw5.3-master\src\CH\ifa\draw\standard\AlignCommand.java,CH.ifa.draw.standard.AlignCommand$Alignment$Anonymous2,none,1,,1,0,6,[ 1. -1.  1.  0.  6.],[1.]
218,D:\Masters\OOD\Object-Oriented-Design-Project\JHotDraw5.3-master\src\CH\ifa\draw\standard\AlignCommand.java,CH.ifa.draw.standard.AlignCommand$Alignment$Anonymous3,none,1,,1,0,6,[ 1. -1.  1.  0.  6.],[1.]
219,D:\Masters\OOD\Object-Oriented-Design-Project\JHotDraw5.3-master\src\CH\ifa\draw\standard\GridConstrainer.java,CH.ifa.draw.standard.GridConstrainer,none,4,0.8333333,4,2,19,[ 5.  0.  4.  2. 19.],[1.30170826]
220,D:\Masters\OOD\Object-Oriented-Design-Project\JHotDraw5.3-master\src\CH\ifa\draw\standard\AlignCommand.java,CH.ifa.draw.standard.AlignCommand$Alignment$Anonymous1,none,1,,1,0,6,[ 1. -1.  1.  0.  6.],[1.]
221,D:\Masters\OOD\Object-Oriented-Design-Project\JHotDraw5.3-master\src\CH\ifa\draw\standard\AlignCommand.java,CH.ifa.draw.standard.AlignCommand$UndoActivity,none,14,0.11111111,9,2,59,[14.  0.  8.  1. 58.],[1.73561104]
222,D:\Masters\OOD\Object-Oriented-Design-Project\JHotDraw5.3-master\src\CH\ifa\draw\samples\javadraw\FollowURLTool.java,CH.ifa.draw.samples.javadraw.FollowURLTool,none,8,1.0,3,1,37,[ 9.  0.  3.  1. 36.],[1.73205081]
223,D:\Masters\OOD\Object-Oriented-Design-Project\JHotDraw5.3-master\src\CH\ifa\draw\samples\pert\PertFigureCreationTool.java,CH.ifa.draw.samples.pert.PertFigureCreationTool,none,2,0.0,2,0,8,[2. 0. 2. 0. 8.],[0.]
224,D:\Masters\OOD\Object-Oriented-Design-Project\JHotDraw5.3-master\src\CH\ifa\draw\contrib\CustomSelectionTool.java,CH.ifa.draw.contrib.CustomSelectionTool,none,22,0.0,11,0,73,[21.  0. 14.  2. 75.],[4.24264069]
225,D:\Masters\OOD\Object-Oriented-Design-Project\JHotDraw5.3-master\src\CH\ifa\draw\util\UndoableCommand.java,CH.ifa.draw.util.UndoableCommand,none,23,0.013071896,19,3,74,[23.  0. 21.  4. 73.],[2.44952462]
226,D:\Masters\OOD\Object-Oriented-Design-Project\JHotDraw5.3-master\src\CH\ifa\draw\framework\ToolListener.java,CH.ifa.draw.framework.ToolListener,none,6,0.0,6,0,8,[7. 0. 7. 0. 8.],[1.41421356]
227,D:\Masters\OOD\Object-Oriented-Design-Project\JHotDraw5.3-master\src\CH\ifa\draw\application\DrawApplication.java,CH.ifa.draw.application.DrawApplication$Anonymous8,none,1,,1,0,5,[ 1. -1.  1.  0.  5.],[1.]
228,D:\Masters\OOD\Object-Oriented-Design-Project\JHotDraw5.3-master\src\CH\ifa\draw\standard\ConnectionHandle.java,CH.ifa.draw.standard.ConnectionHandle,minor,26,0.06666667,12,3,88,[26.  0.  9.  5. 87.],[3.74225125]
229,D:\Masters\OOD\Object-Oriented-Design-Project\JHotDraw5.3-master\src\CH\ifa\draw\application\DrawApplication.java,CH.ifa.draw.application.DrawApplication$Anonymous9,none,1,,1,0,5,[ 1. -1.  1.  0.  5.],[1.]
230,D:\Masters\OOD\Object-Oriented-Design-Project\JHotDraw5.3-master\src\CH\ifa\draw\framework\Drawing.java,CH.ifa.draw.framework.Drawing,none,39,0.0,39,0,41,[38.  0. 38.  0. 38.],[3.31662479]
231,D:\Masters\OOD\Object-Oriented-Design-Project\JHotDraw5.3-master\src\CH\ifa\draw\contrib\TriangleRotationHandle.java,CH.ifa.draw.contrib.TriangleRotationHandle,none,10,0.035714287,8,1,90,[11.  0.  8.  3. 87.],[3.74182783]
232,D:\Masters\OOD\Object-Oriented-Design-Project\JHotDraw5.3-master\src\CH\ifa\draw\contrib\TriangleFigure.java,CH.ifa.draw.contrib.TriangleFigure,none,32,0.23076923,14,2,131,[ 29.   0.  12.   2. 129.],[4.12955863]
233,D:\Masters\OOD\Object-Oriented-Design-Project\JHotDraw5.3-master\src\CH\ifa\draw\standard\ChangeConnectionHandle.java,CH.ifa.draw.standard.ChangeConnectionHandle,none,37,0.025,18,4,145,[ 35.   0.  17.   4. 147.],[3.00010416]
234,D:\Masters\OOD\Object-Oriented-Design-Project\JHotDraw5.3-master\src\CH\ifa\draw\application\DrawApplication.java,CH.ifa.draw.application.DrawApplication$Anonymous2,none,1,,1,0,5,[ 1. -1.  1.  0.  5.],[1.]
235,D:\Masters\OOD\Object-Oriented-Design-Project\JHotDraw5.3-master\src\CH\ifa\draw\application\DrawApplication.java,CH.ifa.draw.application.DrawApplication$Anonymous3,none,1,,1,0,5,[ 1. -1.  1.  0.  5.],[1.]
236,D:\Masters\OOD\Object-Oriented-Design-Project\JHotDraw5.3-master\src\CH\ifa\draw\application\DrawApplication.java,CH.ifa.draw.application.DrawApplication$Anonymous1,none,1,,1,0,5,[ 1. -1.  1.  0.  5.],[1.]
237,D:\Masters\OOD\Object-Oriented-Design-Project\JHotDraw5.3-master\src\CH\ifa\draw\standard\PasteCommand.java,CH.ifa.draw.standard.PasteCommand,none,9,0.0,5,0,62,[ 9.  0.  3.  1. 61.],[2.44948974]
238,D:\Masters\OOD\Object-Oriented-Design-Project\JHotDraw5.3-master\src\CH\ifa\draw\application\DrawApplication.java,CH.ifa.draw.application.DrawApplication$Anonymous6,none,1,,1,0,5,[ 1. -1.  1.  0.  5.],[1.]
239,D:\Masters\OOD\Object-Oriented-Design-Project\JHotDraw5.3-master\src\CH\ifa\draw\application\DrawApplication.java,CH.ifa.draw.application.DrawApplication$Anonymous7,none,1,,1,0,5,[ 1. -1.  1.  0.  5.],[1.]
240,D:\Masters\OOD\Object-Oriented-Design-Project\JHotDraw5.3-master\src\CH\ifa\draw\application\DrawApplication.java,CH.ifa.draw.application.DrawApplication$Anonymous4,none,1,,1,0,5,[ 1. -1.  1.  0.  5.],[1.]
241,D:\Masters\OOD\Object-Oriented-Design-Project\JHotDraw5.3-master\src\CH\ifa\draw\application\DrawApplication.java,CH.ifa.draw.application.DrawApplication$Anonymous5,none,1,,1,0,5,[ 1. -1.  1.  0.  5.],[1.]
242,D:\Masters\OOD\Object-Oriented-Design-Project\JHotDraw5.3-master\src\CH\ifa\draw\framework\ConnectionFigure.java,CH.ifa.draw.framework.ConnectionFigure,none,20,0.0,20,0,22,[20.  0. 20.  1. 22.],[1.]
243,D:\Masters\OOD\Object-Oriented-Design-Project\JHotDraw5.3-master\src\CH\ifa\draw\standard\CutCommand.java,CH.ifa.draw.standard.CutCommand,none,5,0.0,4,0,44,[ 4.  0.  4.  0. 45.],[1.41421356]
244,D:\Masters\OOD\Object-Oriented-Design-Project\JHotDraw5.3-master\src\CH\ifa\draw\figures\GroupFigure.java,CH.ifa.draw.figures.GroupFigure,none,8,0.0,6,2,35,[ 8.  0.  7.  1. 35.],[1.41421356]
245,D:\Masters\OOD\Object-Oriented-Design-Project\JHotDraw5.3-master\src\CH\ifa\draw\util\FloatingTextField.java,CH.ifa.draw.util.FloatingTextField,none,11,0.7777778,9,2,46,[11.  0.  8.  2. 46.],[1.2668616]
246,D:\Masters\OOD\Object-Oriented-Design-Project\JHotDraw5.3-master\src\CH\ifa\draw\util\RedoCommand.java,CH.ifa.draw.util.RedoCommand,none,9,0.0,3,0,26,[ 9.  0.  4.  0. 25.],[1.41421356]
247,D:\Masters\OOD\Object-Oriented-Design-Project\JHotDraw5.3-master\src\CH\ifa\draw\standard\CutCommand.java,CH.ifa.draw.standard.CutCommand$UndoActivity,none,6,1.0,3,1,25,[ 6.  0.  4.  0. 25.],[1.73205081]
248,D:\Masters\OOD\Object-Oriented-Design-Project\JHotDraw5.3-master\src\CH\ifa\draw\util\Command.java,CH.ifa.draw.util.Command,none,8,0.0,8,0,10,[ 8.  0.  8.  0. 10.],[0.]
249,D:\Masters\OOD\Object-Oriented-Design-Project\JHotDraw5.3-master\src\CH\ifa\draw\standard\RelativeLocator.java,CH.ifa.draw.standard.RelativeLocator,none,18,0.14285715,15,4,62,[17.  0. 13.  5. 60.],[3.16550283]
250,D:\Masters\OOD\Object-Oriented-Design-Project\JHotDraw5.3-master\src\CH\ifa\draw\util\UndoCommand.java,CH.ifa.draw.util.UndoCommand,none,9,0.0,3,0,26,[ 9.  0.  4.  0. 25.],[1.41421356]
251,D:\Masters\OOD\Object-Oriented-Design-Project\JHotDraw5.3-master\src\CH\ifa\draw\figures\EllipseFigure.java,CH.ifa.draw.figures.EllipseFigure,none,12,0.09090909,12,3,54,[14.  0. 12.  2. 53.],[2.45117614]
252,D:\Masters\OOD\Object-Oriented-Design-Project\JHotDraw5.3-master\src\CH\ifa\draw\standard\ChangeConnectionStartHandle.java,CH.ifa.draw.standard.ChangeConnectionStartHandle$UndoActivity,none,2,0.0,2,0,10,[ 2.  0.  2.  0. 10.],[0.]
253,D:\Masters\OOD\Object-Oriented-Design-Project\JHotDraw5.3-master\src\CH\ifa\draw\figures\ImageFigure.java,CH.ifa.draw.figures.ImageFigure,none,20,0.36363637,13,5,80,[19.          0.35897437 14.          5.         82.        ],[2.44949418]
254,D:\Masters\OOD\Object-Oriented-Design-Project\JHotDraw5.3-master\src\CH\ifa\draw\util\StandardVersionControlStrategy.java,CH.ifa.draw.util.StandardVersionControlStrategy,none,11,0.0,6,1,39,[11.  0.  7.  1. 38.],[1.41421356]
255,D:\Masters\OOD\Object-Oriented-Design-Project\JHotDraw5.3-master\src\CH\ifa\draw\contrib\StandardLayouter.java,CH.ifa.draw.contrib.StandardLayouter,none,10,0.044444446,10,3,33,[10.  0. 10.  3. 33.],[0.04444445]
256,D:\Masters\OOD\Object-Oriented-Design-Project\JHotDraw5.3-master\src\CH\ifa\draw\framework\Painter.java,CH.ifa.draw.framework.Painter,none,1,,1,0,3,[ 1. -1.  1.  0.  3.],[1.]
257,D:\Masters\OOD\Object-Oriented-Design-Project\JHotDraw5.3-master\src\CH\ifa\draw\standard\AlignCommand.java,CH.ifa.draw.standard.AlignCommand$Alignment,none,5,0.0,5,7,58,[ 7.  0.  4.  8. 54.],[4.69041576]
258,D:\Masters\OOD\Object-Oriented-Design-Project\JHotDraw5.3-master\src\CH\ifa\draw\standard\StandardDrawingView.java,CH.ifa.draw.standard.StandardDrawingView,none,146,0.031746034,68,23,529,"[1.43000000e+02 1.14982575e-01 5.00000000e+01 2.10000000e+01
 5.42000000e+02]",[22.49459776]
259,D:\Masters\OOD\Object-Oriented-Design-Project\JHotDraw5.3-master\src\CH\ifa\draw\samples\javadraw\URLTool.java,CH.ifa.draw.samples.javadraw.URLTool,none,16,0.0,9,2,67,[16.  0.  8.  2. 67.],[1.]
260,D:\Masters\OOD\Object-Oriented-Design-Project\JHotDraw5.3-master\src\CH\ifa\draw\samples\pert\PertApplet.java,CH.ifa.draw.samples.pert.PertApplet,none,1,,1,1,14,[ 1. -1.  1.  0. 14.],[1.41421356]
261,D:\Masters\OOD\Object-Oriented-Design-Project\JHotDraw5.3-master\src\CH\ifa\draw\figures\AttributeFigure.java,CH.ifa.draw.figures.AttributeFigure,minor,23,0.10909091,13,4,81,[24.  0. 13.  4. 85.],[4.12454856]
262,D:\Masters\OOD\Object-Oriented-Design-Project\JHotDraw5.3-master\src\CH\ifa\draw\figures\ElbowConnection.java,CH.ifa.draw.figures.ElbowConnection,none,12,0.0,6,2,54,[12.  0.  5.  1. 54.],[1.41421356]
263,D:\Masters\OOD\Object-Oriented-Design-Project\JHotDraw5.3-master\src\CH\ifa\draw\standard\OffsetLocator.java,CH.ifa.draw.standard.OffsetLocator,none,7,0.9047619,7,5,43,[ 9.          0.85714287  7.          3.         43.        ],[2.82882795]
264,D:\Masters\OOD\Object-Oriented-Design-Project\JHotDraw5.3-master\src\CH\ifa\draw\standard\TextHolder.java,CH.ifa.draw.standard.TextHolder,none,8,0.0,8,0,10,[ 8.  0.  8.  0. 10.],[0.]
265,D:\Masters\OOD\Object-Oriented-Design-Project\JHotDraw5.3-master\src\CH\ifa\draw\standard\CreationTool.java,CH.ifa.draw.standard.CreationTool,none,16,0.16363636,13,4,66,[18.  0. 13.  4. 66.],[2.00668305]
266,D:\Masters\OOD\Object-Oriented-Design-Project\JHotDraw5.3-master\src\CH\ifa\draw\standard\HandleTracker.java,CH.ifa.draw.standard.HandleTracker,none,5,0.6,5,1,21,[ 5.  0.  5.  1. 22.],[1.16619038]
267,D:\Masters\OOD\Object-Oriented-Design-Project\JHotDraw5.3-master\src\CH\ifa\draw\samples\javadraw\JavaDrawApplet.java,CH.ifa.draw.samples.javadraw.JavaDrawApplet,none,11,0.23809524,7,2,73,[12.  0.  8.  4. 74.],[2.65644299]
268,D:\Masters\OOD\Object-Oriented-Design-Project\JHotDraw5.3-master\src\CH\ifa\draw\standard\ChangeConnectionEndHandle.java,CH.ifa.draw.standard.ChangeConnectionEndHandle,none,7,0.0,7,0,33,[ 7.  0.  7.  0. 32.],[1.]
269,D:\Masters\OOD\Object-Oriented-Design-Project\JHotDraw5.3-master\src\CH\ifa\draw\figures\UngroupCommand.java,CH.ifa.draw.figures.UngroupCommand$UndoActivity,none,9,0.0,4,0,41,[ 8.  0.  3.  0. 41.],[1.41421356]
270,D:\Masters\OOD\Object-Oriented-Design-Project\JHotDraw5.3-master\src\CH\ifa\draw\util\VersionRequester.java,CH.ifa.draw.util.VersionRequester,none,1,,1,0,3,[ 1. -1.  1.  0.  3.],[1.]
271,D:\Masters\OOD\Object-Oriented-Design-Project\JHotDraw5.3-master\src\CH\ifa\draw\figures\LineConnection.java,CH.ifa.draw.figures.LineConnection,none,57,0.0033613446,36,4,190,[ 56.   0.  35.   8. 191.],[4.35890024]
272,D:\Masters\OOD\Object-Oriented-Design-Project\JHotDraw5.3-master\src\CH\ifa\draw\util\GraphLayout.java,CH.ifa.draw.util.GraphNode,none,4,1.0,2,4,17,[ 5.  0.  2.  4. 16.],[1.73205081]
