,file,class,method,Predicted_Values,Predicted_Index,wmc,loc,maxNestedBlocksQty,Predicted_Metrics,Euclidean_dist
0,D:\Masters\OOD\Object-Oriented-Design-Project\Design_Patterns_Paint-master\src\dialogs\DlgRectangle.java,dialogs.DlgRectangle$Anonymous1,mouseClicked/1[java.awt.event.MouseEvent],none,761,4,9,3,[4. 9. 2.],[1.]
1,D:\Masters\OOD\Object-Oriented-Design-Project\Design_Patterns_Paint-master\src\shapes\Rectangle.java,shapes.Rectangle,draw/1[java.awt.Graphics],none,16,2,6,1,[2. 6. 1.],[0.]
2,D:\Masters\OOD\Object-Oriented-Design-Project\Design_Patterns_Paint-master\src\shapes\Rectangle.java,shapes.Rectangle,Rectangle/0,none,78,1,2,0,[1. 2. 0.],[0.]
3,D:\Masters\OOD\Object-Oriented-Design-Project\Design_Patterns_Paint-master\src\shapes\Rectangle.java,shapes.Rectangle,"containsClick/2[int,int]",none,2033,5,4,1,[4. 4. 1.],[1.]
4,D:\Masters\OOD\Object-Oriented-Design-Project\Design_Patterns_Paint-master\src\shapes\Rectangle.java,shapes.Rectangle,getWidth/0,none,0,1,3,0,[1. 3. 0.],[0.]
5,D:\Masters\OOD\Object-Oriented-Design-Project\Design_Patterns_Paint-master\src\shapes\Rectangle.java,shapes.Rectangle,selected/1[java.awt.Graphics],none,45,1,7,0,[1. 7. 0.],[0.]
6,D:\Masters\OOD\Object-Oriented-Design-Project\Design_Patterns_Paint-master\src\shapes\Rectangle.java,shapes.Rectangle,diagonal/0,none,0,1,3,0,[1. 3. 0.],[0.]
7,D:\Masters\OOD\Object-Oriented-Design-Project\Design_Patterns_Paint-master\src\shapes\Rectangle.java,shapes.Rectangle,toString/0,none,0,1,3,0,[1. 3. 0.],[0.]
8,D:\Masters\OOD\Object-Oriented-Design-Project\Design_Patterns_Paint-master\src\shapes\Rectangle.java,shapes.Rectangle,clone/0,none,0,1,3,0,[1. 3. 0.],[0.]
9,D:\Masters\OOD\Object-Oriented-Design-Project\Design_Patterns_Paint-master\src\shapes\Rectangle.java,shapes.Rectangle,equals/1[java.lang.Object],none,42,2,7,1,[2. 7. 1.],[0.]
10,D:\Masters\OOD\Object-Oriented-Design-Project\Design_Patterns_Paint-master\src\shapes\Rectangle.java,shapes.Rectangle,setWidth/1[int],none,0,1,3,0,[1. 3. 0.],[0.]
11,D:\Masters\OOD\Object-Oriented-Design-Project\Design_Patterns_Paint-master\src\shapes\Rectangle.java,shapes.Rectangle,"Rectangle/5[shapes.Point,int,int,java.awt.Color,java.awt.Color]",none,45,1,7,0,[1. 7. 0.],[0.]
12,D:\Masters\OOD\Object-Oriented-Design-Project\Design_Patterns_Paint-master\src\shapes\Rectangle.java,shapes.Rectangle,fillUpShape/1[java.awt.Graphics],none,1,1,4,0,[1. 4. 0.],[0.]
13,D:\Masters\OOD\Object-Oriented-Design-Project\Design_Patterns_Paint-master\src\dialogs\DlgRectangle.java,dialogs.DlgRectangle$Anonymous3,actionPerformed/1[java.awt.event.ActionEvent],none,583,12,21,6,[ 9. 23.  4.],[4.12310563]
14,D:\Masters\OOD\Object-Oriented-Design-Project\Design_Patterns_Paint-master\src\dialogs\DlgRectangle.java,dialogs.DlgRectangle$Anonymous2,mouseClicked/1[java.awt.event.MouseEvent],none,46,3,10,3,[ 3. 10.  2.],[1.]
15,D:\Masters\OOD\Object-Oriented-Design-Project\Design_Patterns_Paint-master\src\dialogs\DlgLine.java,dialogs.DlgLine$Anonymous1,mouseClicked/1[java.awt.event.MouseEvent],none,46,3,10,3,[ 3. 10.  2.],[1.]
16,D:\Masters\OOD\Object-Oriented-Design-Project\Design_Patterns_Paint-master\src\dialogs\DlgLine.java,dialogs.DlgLine$Anonymous2,actionPerformed/1[java.awt.event.ActionEvent],minor,1988,10,20,5,[ 8. 22.  4.],[3.]
17,D:\Masters\OOD\Object-Oriented-Design-Project\Design_Patterns_Paint-master\src\dialogs\DlgLine.java,dialogs.DlgLine$Anonymous3,mouseClicked/1[java.awt.event.MouseEvent],none,1,1,4,0,[1. 4. 0.],[0.]
18,D:\Masters\OOD\Object-Oriented-Design-Project\Design_Patterns_Paint-master\src\strategy\FileDraw.java,strategy.FileDraw,open/1[java.io.File],none,619,2,12,1,[ 2. 12.  1.],[0.]
19,D:\Masters\OOD\Object-Oriented-Design-Project\Design_Patterns_Paint-master\src\strategy\FileDraw.java,strategy.FileDraw,save/1[java.io.File],none,619,2,12,1,[ 2. 12.  1.],[0.]
20,D:\Masters\OOD\Object-Oriented-Design-Project\Design_Patterns_Paint-master\src\strategy\FileDraw.java,strategy.FileDraw,FileDraw/1[model.DrawingModel],none,0,1,3,0,[1. 3. 0.],[0.]
21,D:\Masters\OOD\Object-Oriented-Design-Project\Design_Patterns_Paint-master\src\frame\DrawingFrame.java,frame.DrawingFrame$Anonymous9,mouseClicked/1[java.awt.event.MouseEvent],none,0,1,3,0,[1. 3. 0.],[0.]
22,D:\Masters\OOD\Object-Oriented-Design-Project\Design_Patterns_Paint-master\src\dialogs\DlgRectangle.java,dialogs.DlgRectangle$Anonymous4,mouseClicked/1[java.awt.event.MouseEvent],none,1,1,4,0,[1. 4. 0.],[0.]
23,D:\Masters\OOD\Object-Oriented-Design-Project\Design_Patterns_Paint-master\src\app\Paint.java,app.Paint,main/1[java.lang.String[]],none,4,1,8,0,[1. 8. 0.],[0.]
24,D:\Masters\OOD\Object-Oriented-Design-Project\Design_Patterns_Paint-master\src\frame\DrawingFrame.java,frame.DrawingFrame$Anonymous13,mouseClicked/1[java.awt.event.MouseEvent],none,173,3,15,1,[ 3. 15.  1.],[0.]
25,D:\Masters\OOD\Object-Oriented-Design-Project\Design_Patterns_Paint-master\src\frame\DrawingFrame.java,frame.DrawingFrame$Anonymous12,mouseClicked/1[java.awt.event.MouseEvent],none,0,1,3,0,[1. 3. 0.],[0.]
26,D:\Masters\OOD\Object-Oriented-Design-Project\Design_Patterns_Paint-master\src\frame\DrawingFrame.java,frame.DrawingFrame$Anonymous11,mouseClicked/1[java.awt.event.MouseEvent],none,0,1,3,0,[1. 3. 0.],[0.]
27,D:\Masters\OOD\Object-Oriented-Design-Project\Design_Patterns_Paint-master\src\frame\DrawingFrame.java,frame.DrawingFrame$Anonymous10,mouseClicked/1[java.awt.event.MouseEvent],none,0,1,3,0,[1. 3. 0.],[0.]
28,D:\Masters\OOD\Object-Oriented-Design-Project\Design_Patterns_Paint-master\src\frame\DrawingFrame.java,frame.DrawingFrame$Anonymous15,mouseClicked/1[java.awt.event.MouseEvent],none,373,8,9,7,[ 6. 10.  3.],[4.58257569]
29,D:\Masters\OOD\Object-Oriented-Design-Project\Design_Patterns_Paint-master\src\frame\DrawingFrame.java,frame.DrawingFrame$Anonymous14,mouseClicked/1[java.awt.event.MouseEvent],none,0,1,3,0,[1. 3. 0.],[0.]
30,D:\Masters\OOD\Object-Oriented-Design-Project\Design_Patterns_Paint-master\src\dialogs\DlgLogParser.java,dialogs.DlgLogParser$Anonymous2,mouseClicked/1[java.awt.event.MouseEvent],none,1,1,4,0,[1. 4. 0.],[0.]
31,D:\Masters\OOD\Object-Oriented-Design-Project\Design_Patterns_Paint-master\src\dialogs\DlgPoint.java,dialogs.DlgPoint,DlgPoint/0,critical,92,1,128,2,[ 18. 123.   5.],[17.97220076]
32,D:\Masters\OOD\Object-Oriented-Design-Project\Design_Patterns_Paint-master\src\dialogs\DlgPoint.java,dialogs.DlgPoint,"write/3[shapes.Point,int,int]",none,4,1,8,0,[1. 8. 0.],[0.]
33,D:\Masters\OOD\Object-Oriented-Design-Project\Design_Patterns_Paint-master\src\dialogs\DlgPoint.java,dialogs.DlgPoint,getXcoordinate/0,none,0,1,3,0,[1. 3. 0.],[0.]
34,D:\Masters\OOD\Object-Oriented-Design-Project\Design_Patterns_Paint-master\src\dialogs\DlgPoint.java,dialogs.DlgPoint,getYcoordinate/0,none,0,1,3,0,[1. 3. 0.],[0.]
35,D:\Masters\OOD\Object-Oriented-Design-Project\Design_Patterns_Paint-master\src\dialogs\DlgPoint.java,dialogs.DlgPoint,getColor/0,none,0,1,3,0,[1. 3. 0.],[0.]
36,D:\Masters\OOD\Object-Oriented-Design-Project\Design_Patterns_Paint-master\src\dialogs\DlgPoint.java,dialogs.DlgPoint,isConfirmed/0,none,0,1,3,0,[1. 3. 0.],[0.]
37,D:\Masters\OOD\Object-Oriented-Design-Project\Design_Patterns_Paint-master\src\dialogs\DlgPoint.java,dialogs.DlgPoint,main/1[java.lang.String[]],none,34,2,10,1,[ 2. 10.  1.],[0.]
38,D:\Masters\OOD\Object-Oriented-Design-Project\Design_Patterns_Paint-master\src\dialogs\DlgLogParser.java,dialogs.DlgLogParser$Anonymous1,mouseClicked/1[java.awt.event.MouseEvent],none,560,2,3,1,[2. 3. 1.],[0.]
39,D:\Masters\OOD\Object-Oriented-Design-Project\Design_Patterns_Paint-master\src\commands\CmdRemoveShape.java,commands.CmdRemoveShape,unexecute/0,none,563,2,4,1,[2. 4. 1.],[0.]
40,D:\Masters\OOD\Object-Oriented-Design-Project\Design_Patterns_Paint-master\src\commands\CmdRemoveShape.java,commands.CmdRemoveShape,"CmdRemoveShape/2[java.util.ArrayList<shapes.Shape>,model.DrawingModel]",none,1,1,4,0,[1. 4. 0.],[0.]
41,D:\Masters\OOD\Object-Oriented-Design-Project\Design_Patterns_Paint-master\src\commands\CmdRemoveShape.java,commands.CmdRemoveShape,"CmdRemoveShape/2[shapes.Shape,model.DrawingModel]",none,1,1,4,0,[1. 4. 0.],[0.]
42,D:\Masters\OOD\Object-Oriented-Design-Project\Design_Patterns_Paint-master\src\commands\CmdRemoveShape.java,commands.CmdRemoveShape,getSize/0,none,0,1,3,0,[1. 3. 0.],[0.]
43,D:\Masters\OOD\Object-Oriented-Design-Project\Design_Patterns_Paint-master\src\commands\CmdRemoveShape.java,commands.CmdRemoveShape,execute/0,none,563,2,4,1,[2. 4. 1.],[0.]
44,D:\Masters\OOD\Object-Oriented-Design-Project\Design_Patterns_Paint-master\src\commands\CmdUpdateHexagon.java,commands.CmdUpdateHexagon,"CmdUpdateHexagon/2[adapter.HexagonAdapter,adapter.HexagonAdapter]",none,1,1,4,0,[1. 4. 0.],[0.]
45,D:\Masters\OOD\Object-Oriented-Design-Project\Design_Patterns_Paint-master\src\commands\CmdUpdateHexagon.java,commands.CmdUpdateHexagon,execute/0,none,45,1,7,0,[1. 7. 0.],[0.]
46,D:\Masters\OOD\Object-Oriented-Design-Project\Design_Patterns_Paint-master\src\commands\CmdUpdateHexagon.java,commands.CmdUpdateHexagon,unexecute/0,none,13,1,6,0,[1. 6. 0.],[0.]
47,D:\Masters\OOD\Object-Oriented-Design-Project\Design_Patterns_Paint-master\src\shapes\Point.java,shapes.Point,"Point/2[int,int]",none,1,1,4,0,[1. 4. 0.],[0.]
48,D:\Masters\OOD\Object-Oriented-Design-Project\Design_Patterns_Paint-master\src\shapes\Point.java,shapes.Point,draw/1[java.awt.Graphics],none,16,2,6,1,[2. 6. 1.],[0.]
49,D:\Masters\OOD\Object-Oriented-Design-Project\Design_Patterns_Paint-master\src\shapes\Point.java,shapes.Point,setXcoordinate/1[int],none,0,1,3,0,[1. 3. 0.],[0.]
50,D:\Masters\OOD\Object-Oriented-Design-Project\Design_Patterns_Paint-master\src\shapes\Point.java,shapes.Point,getYcoordinate/0,none,0,1,3,0,[1. 3. 0.],[0.]
51,D:\Masters\OOD\Object-Oriented-Design-Project\Design_Patterns_Paint-master\src\shapes\Point.java,shapes.Point,clone/0,none,0,1,3,0,[1. 3. 0.],[0.]
52,D:\Masters\OOD\Object-Oriented-Design-Project\Design_Patterns_Paint-master\src\shapes\Point.java,shapes.Point,selected/1[java.awt.Graphics],none,1,1,4,0,[1. 4. 0.],[0.]
53,D:\Masters\OOD\Object-Oriented-Design-Project\Design_Patterns_Paint-master\src\shapes\Point.java,shapes.Point,compareTo/1[shapes.Shape],none,42,2,7,1,[2. 7. 1.],[0.]
54,D:\Masters\OOD\Object-Oriented-Design-Project\Design_Patterns_Paint-master\src\shapes\Point.java,shapes.Point,"moveTo/2[int,int]",none,1,1,4,0,[1. 4. 0.],[0.]
55,D:\Masters\OOD\Object-Oriented-Design-Project\Design_Patterns_Paint-master\src\shapes\Point.java,shapes.Point,toString/0,none,0,1,3,0,[1. 3. 0.],[0.]
56,D:\Masters\OOD\Object-Oriented-Design-Project\Design_Patterns_Paint-master\src\shapes\Point.java,shapes.Point,getXcoordinate/0,none,0,1,3,0,[1. 3. 0.],[0.]
57,D:\Masters\OOD\Object-Oriented-Design-Project\Design_Patterns_Paint-master\src\shapes\Point.java,shapes.Point,setYcoordinate/1[int],none,0,1,3,0,[1. 3. 0.],[0.]
58,D:\Masters\OOD\Object-Oriented-Design-Project\Design_Patterns_Paint-master\src\shapes\Point.java,shapes.Point,Point/0,none,78,1,2,0,[1. 2. 0.],[0.]
59,D:\Masters\OOD\Object-Oriented-Design-Project\Design_Patterns_Paint-master\src\shapes\Point.java,shapes.Point,"Point/3[int,int,java.awt.Color]",none,1,1,4,0,[1. 4. 0.],[0.]
60,D:\Masters\OOD\Object-Oriented-Design-Project\Design_Patterns_Paint-master\src\shapes\Point.java,shapes.Point,"containsClick/2[int,int]",none,563,2,4,1,[2. 4. 1.],[0.]
61,D:\Masters\OOD\Object-Oriented-Design-Project\Design_Patterns_Paint-master\src\shapes\Point.java,shapes.Point,distance/1[shapes.Point],none,0,1,3,0,[1. 3. 0.],[0.]
62,D:\Masters\OOD\Object-Oriented-Design-Project\Design_Patterns_Paint-master\src\shapes\Point.java,shapes.Point,equals/1[java.lang.Object],none,42,2,7,1,[2. 7. 1.],[0.]
63,D:\Masters\OOD\Object-Oriented-Design-Project\Design_Patterns_Paint-master\src\commands\CmdUpdateLine.java,commands.CmdUpdateLine,execute/0,none,13,1,6,0,[1. 6. 0.],[0.]
64,D:\Masters\OOD\Object-Oriented-Design-Project\Design_Patterns_Paint-master\src\commands\CmdUpdateLine.java,commands.CmdUpdateLine,"CmdUpdateLine/2[shapes.Line,shapes.Line]",none,1,1,4,0,[1. 4. 0.],[0.]
65,D:\Masters\OOD\Object-Oriented-Design-Project\Design_Patterns_Paint-master\src\commands\CmdUpdateLine.java,commands.CmdUpdateLine,unexecute/0,none,15,1,5,0,[1. 5. 0.],[0.]
66,D:\Masters\OOD\Object-Oriented-Design-Project\Design_Patterns_Paint-master\src\dialogs\DlgHexagon.java,dialogs.DlgHexagon,"fillUp/3[adapter.HexagonAdapter,int,int]",none,239,3,13,2,[ 3. 13.  2.],[0.]
67,D:\Masters\OOD\Object-Oriented-Design-Project\Design_Patterns_Paint-master\src\dialogs\DlgHexagon.java,dialogs.DlgHexagon,getInteriorColor/0,none,0,1,3,0,[1. 3. 0.],[0.]
68,D:\Masters\OOD\Object-Oriented-Design-Project\Design_Patterns_Paint-master\src\dialogs\DlgHexagon.java,dialogs.DlgHexagon,deleteButtons/0,none,1,1,4,0,[1. 4. 0.],[0.]
69,D:\Masters\OOD\Object-Oriented-Design-Project\Design_Patterns_Paint-master\src\dialogs\DlgHexagon.java,dialogs.DlgHexagon,main/1[java.lang.String[]],none,34,2,10,1,[ 2. 10.  1.],[0.]
70,D:\Masters\OOD\Object-Oriented-Design-Project\Design_Patterns_Paint-master\src\dialogs\DlgHexagon.java,dialogs.DlgHexagon,getXcoordinate/0,none,0,1,3,0,[1. 3. 0.],[0.]
71,D:\Masters\OOD\Object-Oriented-Design-Project\Design_Patterns_Paint-master\src\dialogs\DlgHexagon.java,dialogs.DlgHexagon,getYcoordinate/0,none,0,1,3,0,[1. 3. 0.],[0.]
72,D:\Masters\OOD\Object-Oriented-Design-Project\Design_Patterns_Paint-master\src\dialogs\DlgHexagon.java,dialogs.DlgHexagon,getRadiusLength/0,none,0,1,3,0,[1. 3. 0.],[0.]
73,D:\Masters\OOD\Object-Oriented-Design-Project\Design_Patterns_Paint-master\src\dialogs\DlgHexagon.java,dialogs.DlgHexagon,getEdgeColor/0,none,0,1,3,0,[1. 3. 0.],[0.]
74,D:\Masters\OOD\Object-Oriented-Design-Project\Design_Patterns_Paint-master\src\dialogs\DlgHexagon.java,dialogs.DlgHexagon,DlgHexagon/0,critical,92,1,173,2,[ 18. 123.   5.],[52.89612462]
75,D:\Masters\OOD\Object-Oriented-Design-Project\Design_Patterns_Paint-master\src\dialogs\DlgHexagon.java,dialogs.DlgHexagon,isConfirmed/0,none,0,1,3,0,[1. 3. 0.],[0.]
76,D:\Masters\OOD\Object-Oriented-Design-Project\Design_Patterns_Paint-master\src\dialogs\DlgHexagon.java,dialogs.DlgHexagon,"write/4[int,int,int,int]",none,4,1,8,0,[1. 8. 0.],[0.]
77,D:\Masters\OOD\Object-Oriented-Design-Project\Design_Patterns_Paint-master\src\commands\CmdUpdatePoint.java,commands.CmdUpdatePoint,execute/0,none,15,1,5,0,[1. 5. 0.],[0.]
78,D:\Masters\OOD\Object-Oriented-Design-Project\Design_Patterns_Paint-master\src\commands\CmdUpdatePoint.java,commands.CmdUpdatePoint,"CmdUpdatePoint/2[shapes.Point,shapes.Point]",none,1,1,4,0,[1. 4. 0.],[0.]
79,D:\Masters\OOD\Object-Oriented-Design-Project\Design_Patterns_Paint-master\src\commands\CmdUpdatePoint.java,commands.CmdUpdatePoint,unexecute/0,none,1,1,4,0,[1. 4. 0.],[0.]
80,D:\Masters\OOD\Object-Oriented-Design-Project\Design_Patterns_Paint-master\src\strategy\FileManager.java,strategy.FileManager,save/1[java.io.File],none,0,1,3,0,[1. 3. 0.],[0.]
81,D:\Masters\OOD\Object-Oriented-Design-Project\Design_Patterns_Paint-master\src\strategy\FileManager.java,strategy.FileManager,FileManager/1[strategy.FileHandler],none,0,1,3,0,[1. 3. 0.],[0.]
82,D:\Masters\OOD\Object-Oriented-Design-Project\Design_Patterns_Paint-master\src\strategy\FileManager.java,strategy.FileManager,open/1[java.io.File],none,0,1,3,0,[1. 3. 0.],[0.]
83,D:\Masters\OOD\Object-Oriented-Design-Project\Design_Patterns_Paint-master\src\commands\CmdUpdateRectangle.java,commands.CmdUpdateRectangle,execute/0,none,4,1,8,0,[1. 8. 0.],[0.]
84,D:\Masters\OOD\Object-Oriented-Design-Project\Design_Patterns_Paint-master\src\commands\CmdUpdateRectangle.java,commands.CmdUpdateRectangle,"CmdUpdateRectangle/2[shapes.Rectangle,shapes.Rectangle]",none,1,1,4,0,[1. 4. 0.],[0.]
85,D:\Masters\OOD\Object-Oriented-Design-Project\Design_Patterns_Paint-master\src\commands\CmdUpdateRectangle.java,commands.CmdUpdateRectangle,unexecute/0,none,45,1,7,0,[1. 7. 0.],[0.]
86,D:\Masters\OOD\Object-Oriented-Design-Project\Design_Patterns_Paint-master\src\dialogs\DlgHexagon.java,dialogs.DlgHexagon$Anonymous4,mouseClicked/1[java.awt.event.MouseEvent],none,1,1,4,0,[1. 4. 0.],[0.]
87,D:\Masters\OOD\Object-Oriented-Design-Project\Design_Patterns_Paint-master\src\dialogs\DlgHexagon.java,dialogs.DlgHexagon$Anonymous3,actionPerformed/1[java.awt.event.ActionEvent],none,583,12,20,6,[ 9. 23.  4.],[4.69041576]
88,D:\Masters\OOD\Object-Oriented-Design-Project\Design_Patterns_Paint-master\src\dialogs\DlgHexagon.java,dialogs.DlgHexagon$Anonymous2,mouseClicked/1[java.awt.event.MouseEvent],none,46,3,10,3,[ 3. 10.  2.],[1.]
89,D:\Masters\OOD\Object-Oriented-Design-Project\Design_Patterns_Paint-master\src\dialogs\DlgHexagon.java,dialogs.DlgHexagon$Anonymous1,mouseClicked/1[java.awt.event.MouseEvent],none,761,4,9,3,[4. 9. 2.],[1.]
90,D:\Masters\OOD\Object-Oriented-Design-Project\Design_Patterns_Paint-master\src\frame\DrawingFrame.java,frame.DrawingFrame,getTglBtnDrawPoint/0,none,0,1,3,0,[1. 3. 0.],[0.]
91,D:\Masters\OOD\Object-Oriented-Design-Project\Design_Patterns_Paint-master\src\frame\DrawingFrame.java,frame.DrawingFrame,getBtnBringToBack/0,none,0,1,3,0,[1. 3. 0.],[0.]
92,D:\Masters\OOD\Object-Oriented-Design-Project\Design_Patterns_Paint-master\src\frame\DrawingFrame.java,frame.DrawingFrame,getMouseAdapterToBack/0,none,0,1,3,0,[1. 3. 0.],[0.]
93,D:\Masters\OOD\Object-Oriented-Design-Project\Design_Patterns_Paint-master\src\frame\DrawingFrame.java,frame.DrawingFrame,getBtnDelete/0,none,0,1,3,0,[1. 3. 0.],[0.]
94,D:\Masters\OOD\Object-Oriented-Design-Project\Design_Patterns_Paint-master\src\frame\DrawingFrame.java,frame.DrawingFrame,getBtnBringToFront/0,none,0,1,3,0,[1. 3. 0.],[0.]
95,D:\Masters\OOD\Object-Oriented-Design-Project\Design_Patterns_Paint-master\src\frame\DrawingFrame.java,frame.DrawingFrame,getMouseAdapterSaveDrawing/0,none,0,1,3,0,[1. 3. 0.],[0.]
96,D:\Masters\OOD\Object-Oriented-Design-Project\Design_Patterns_Paint-master\src\frame\DrawingFrame.java,frame.DrawingFrame,getMouseAdapterNewDraw/0,none,0,1,3,0,[1. 3. 0.],[0.]
97,D:\Masters\OOD\Object-Oriented-Design-Project\Design_Patterns_Paint-master\src\frame\DrawingFrame.java,frame.DrawingFrame,getTglBtnDrawRectangle/0,none,0,1,3,0,[1. 3. 0.],[0.]
98,D:\Masters\OOD\Object-Oriented-Design-Project\Design_Patterns_Paint-master\src\frame\DrawingFrame.java,frame.DrawingFrame,getBtnToBack/0,none,0,1,3,0,[1. 3. 0.],[0.]
99,D:\Masters\OOD\Object-Oriented-Design-Project\Design_Patterns_Paint-master\src\frame\DrawingFrame.java,frame.DrawingFrame,getMouseAdapterInteriorColor/0,none,0,1,3,0,[1. 3. 0.],[0.]
100,D:\Masters\OOD\Object-Oriented-Design-Project\Design_Patterns_Paint-master\src\frame\DrawingFrame.java,frame.DrawingFrame,getTglBtnDrawCircle/0,none,0,1,3,0,[1. 3. 0.],[0.]
101,D:\Masters\OOD\Object-Oriented-Design-Project\Design_Patterns_Paint-master\src\frame\DrawingFrame.java,frame.DrawingFrame,getMouseAdapterLog/0,none,0,1,3,0,[1. 3. 0.],[0.]
102,D:\Masters\OOD\Object-Oriented-Design-Project\Design_Patterns_Paint-master\src\frame\DrawingFrame.java,frame.DrawingFrame,getMouseAdapterBringToFront/0,none,0,1,3,0,[1. 3. 0.],[0.]
103,D:\Masters\OOD\Object-Oriented-Design-Project\Design_Patterns_Paint-master\src\frame\DrawingFrame.java,frame.DrawingFrame,getMouseAdapterRedo/0,none,0,1,3,0,[1. 3. 0.],[0.]
104,D:\Masters\OOD\Object-Oriented-Design-Project\Design_Patterns_Paint-master\src\frame\DrawingFrame.java,frame.DrawingFrame,getBtnSaveDraw/0,none,0,1,3,0,[1. 3. 0.],[0.]
105,D:\Masters\OOD\Object-Oriented-Design-Project\Design_Patterns_Paint-master\src\frame\DrawingFrame.java,frame.DrawingFrame,getMouseAdapterToFront/0,none,0,1,3,0,[1. 3. 0.],[0.]
106,D:\Masters\OOD\Object-Oriented-Design-Project\Design_Patterns_Paint-master\src\frame\DrawingFrame.java,frame.DrawingFrame,getBtnEdgeColor/0,none,0,1,3,0,[1. 3. 0.],[0.]
107,D:\Masters\OOD\Object-Oriented-Design-Project\Design_Patterns_Paint-master\src\frame\DrawingFrame.java,frame.DrawingFrame,getTglBtnDrawSquare/0,none,0,1,3,0,[1. 3. 0.],[0.]
108,D:\Masters\OOD\Object-Oriented-Design-Project\Design_Patterns_Paint-master\src\frame\DrawingFrame.java,frame.DrawingFrame,getMouseAdapterDelete/0,none,0,1,3,0,[1. 3. 0.],[0.]
109,D:\Masters\OOD\Object-Oriented-Design-Project\Design_Patterns_Paint-master\src\frame\DrawingFrame.java,frame.DrawingFrame,getBtnUndo/0,none,0,1,3,0,[1. 3. 0.],[0.]
110,D:\Masters\OOD\Object-Oriented-Design-Project\Design_Patterns_Paint-master\src\frame\DrawingFrame.java,frame.DrawingFrame,getView/0,none,0,1,3,0,[1. 3. 0.],[0.]
111,D:\Masters\OOD\Object-Oriented-Design-Project\Design_Patterns_Paint-master\src\frame\DrawingFrame.java,frame.DrawingFrame,getBtnRedo/0,none,0,1,3,0,[1. 3. 0.],[0.]
112,D:\Masters\OOD\Object-Oriented-Design-Project\Design_Patterns_Paint-master\src\frame\DrawingFrame.java,frame.DrawingFrame,getBtnUpdate/0,none,0,1,3,0,[1. 3. 0.],[0.]
113,D:\Masters\OOD\Object-Oriented-Design-Project\Design_Patterns_Paint-master\src\frame\DrawingFrame.java,frame.DrawingFrame,getBtnInteriorColor/0,none,0,1,3,0,[1. 3. 0.],[0.]
114,D:\Masters\OOD\Object-Oriented-Design-Project\Design_Patterns_Paint-master\src\frame\DrawingFrame.java,frame.DrawingFrame,getMouseAdapterEdgeColor/0,none,0,1,3,0,[1. 3. 0.],[0.]
115,D:\Masters\OOD\Object-Oriented-Design-Project\Design_Patterns_Paint-master\src\frame\DrawingFrame.java,frame.DrawingFrame,getTglBtnDrawLine/0,none,0,1,3,0,[1. 3. 0.],[0.]
116,D:\Masters\OOD\Object-Oriented-Design-Project\Design_Patterns_Paint-master\src\frame\DrawingFrame.java,frame.DrawingFrame,getBtnToFront/0,none,0,1,3,0,[1. 3. 0.],[0.]
117,D:\Masters\OOD\Object-Oriented-Design-Project\Design_Patterns_Paint-master\src\frame\DrawingFrame.java,frame.DrawingFrame,getMouseAdapterUpdate/0,none,0,1,3,0,[1. 3. 0.],[0.]
118,D:\Masters\OOD\Object-Oriented-Design-Project\Design_Patterns_Paint-master\src\frame\DrawingFrame.java,frame.DrawingFrame,getTglBtnDrawHexagon/0,none,0,1,3,0,[1. 3. 0.],[0.]
119,D:\Masters\OOD\Object-Oriented-Design-Project\Design_Patterns_Paint-master\src\frame\DrawingFrame.java,frame.DrawingFrame,getTglBtnSelect/0,none,0,1,3,0,[1. 3. 0.],[0.]
120,D:\Masters\OOD\Object-Oriented-Design-Project\Design_Patterns_Paint-master\src\frame\DrawingFrame.java,frame.DrawingFrame,getMouseAdapterUndo/0,none,0,1,3,0,[1. 3. 0.],[0.]
121,D:\Masters\OOD\Object-Oriented-Design-Project\Design_Patterns_Paint-master\src\frame\DrawingFrame.java,frame.DrawingFrame,getBtnNewDraw/0,none,0,1,3,0,[1. 3. 0.],[0.]
122,D:\Masters\OOD\Object-Oriented-Design-Project\Design_Patterns_Paint-master\src\frame\DrawingFrame.java,frame.DrawingFrame,getBtnLog/0,none,0,1,3,0,[1. 3. 0.],[0.]
123,D:\Masters\OOD\Object-Oriented-Design-Project\Design_Patterns_Paint-master\src\frame\DrawingFrame.java,frame.DrawingFrame,getMouseAdapterBringToBack/0,none,0,1,3,0,[1. 3. 0.],[0.]
124,D:\Masters\OOD\Object-Oriented-Design-Project\Design_Patterns_Paint-master\src\frame\DrawingFrame.java,frame.DrawingFrame,getList/0,none,0,1,3,0,[1. 3. 0.],[0.]
125,D:\Masters\OOD\Object-Oriented-Design-Project\Design_Patterns_Paint-master\src\frame\DrawingFrame.java,frame.DrawingFrame,setController/1[controller.DrawingController],none,1,1,4,0,[1. 4. 0.],[0.]
126,D:\Masters\OOD\Object-Oriented-Design-Project\Design_Patterns_Paint-master\src\frame\DrawingFrame.java,frame.DrawingFrame,DrawingFrame/0,critical,12,1,270,0,[ 80. 314.   6.],[90.62560345]
127,D:\Masters\OOD\Object-Oriented-Design-Project\Design_Patterns_Paint-master\src\observer\DrawingObserver.java,observer.DrawingObserver,"addListener/2[javax.swing.JButton,java.awt.event.MouseAdapter]",none,16,2,6,1,[2. 6. 1.],[0.]
128,D:\Masters\OOD\Object-Oriented-Design-Project\Design_Patterns_Paint-master\src\observer\DrawingObserver.java,observer.DrawingObserver,DrawingObserver/1[frame.DrawingFrame],none,0,1,3,0,[1. 3. 0.],[0.]
129,D:\Masters\OOD\Object-Oriented-Design-Project\Design_Patterns_Paint-master\src\observer\DrawingObserver.java,observer.DrawingObserver,"removeListener/2[javax.swing.JButton,java.awt.event.MouseAdapter]",none,16,2,6,1,[2. 6. 1.],[0.]
130,D:\Masters\OOD\Object-Oriented-Design-Project\Design_Patterns_Paint-master\src\observer\DrawingObserver.java,observer.DrawingObserver,propertyChange/1[java.beans.PropertyChangeEvent],major,283,12,78,1,[10. 81.  2.],[3.74165739]
131,D:\Masters\OOD\Object-Oriented-Design-Project\Design_Patterns_Paint-master\src\commands\CmdSelectShape.java,commands.CmdSelectShape,execute/0,none,0,1,3,0,[1. 3. 0.],[0.]
132,D:\Masters\OOD\Object-Oriented-Design-Project\Design_Patterns_Paint-master\src\commands\CmdSelectShape.java,commands.CmdSelectShape,"CmdSelectShape/2[shapes.Shape,boolean]",none,1,1,4,0,[1. 4. 0.],[0.]
133,D:\Masters\OOD\Object-Oriented-Design-Project\Design_Patterns_Paint-master\src\commands\CmdSelectShape.java,commands.CmdSelectShape,unexecute/0,none,563,2,4,1,[2. 4. 1.],[0.]
134,D:\Masters\OOD\Object-Oriented-Design-Project\Design_Patterns_Paint-master\src\strategy\FileLog.java,strategy.FileLog,open/1[java.io.File],none,619,2,12,1,[ 2. 12.  1.],[0.]
135,D:\Masters\OOD\Object-Oriented-Design-Project\Design_Patterns_Paint-master\src\strategy\FileLog.java,strategy.FileLog,save/1[java.io.File],none,118,4,19,2,[ 4. 19.  2.],[0.]
136,D:\Masters\OOD\Object-Oriented-Design-Project\Design_Patterns_Paint-master\src\strategy\FileLog.java,strategy.FileLog,parseCircle/1[java.lang.String],none,379,1,11,0,[ 1. 11.  0.],[0.]
137,D:\Masters\OOD\Object-Oriented-Design-Project\Design_Patterns_Paint-master\src\strategy\FileLog.java,strategy.FileLog,parseLine/1[java.lang.String],none,117,1,10,0,[ 1. 10.  0.],[0.]
138,D:\Masters\OOD\Object-Oriented-Design-Project\Design_Patterns_Paint-master\src\strategy\FileLog.java,strategy.FileLog,"parseShape/2[java.lang.String,java.lang.String]",none,373,6,8,5,[ 6. 10.  3.],[2.82842712]
139,D:\Masters\OOD\Object-Oriented-Design-Project\Design_Patterns_Paint-master\src\strategy\FileLog.java,strategy.FileLog,parseRectangle/1[java.lang.String],none,211,1,12,0,[ 1. 12.  0.],[0.]
140,D:\Masters\OOD\Object-Oriented-Design-Project\Design_Patterns_Paint-master\src\strategy\FileLog.java,strategy.FileLog,readLine/1[java.lang.String],critical,146,18,95,3,[ 21. 100.   5.],[6.164414]
141,D:\Masters\OOD\Object-Oriented-Design-Project\Design_Patterns_Paint-master\src\strategy\FileLog.java,strategy.FileLog,parsePoint/1[java.lang.String],none,13,1,6,0,[1. 6. 0.],[0.]
142,D:\Masters\OOD\Object-Oriented-Design-Project\Design_Patterns_Paint-master\src\strategy\FileLog.java,strategy.FileLog,parseSquare/1[java.lang.String],none,379,1,11,0,[ 1. 11.  0.],[0.]
143,D:\Masters\OOD\Object-Oriented-Design-Project\Design_Patterns_Paint-master\src\strategy\FileLog.java,strategy.FileLog,parseHexagon/1[java.lang.String],none,1100,1,14,0,[ 1. 14.  0.],[0.]
144,D:\Masters\OOD\Object-Oriented-Design-Project\Design_Patterns_Paint-master\src\strategy\FileLog.java,strategy.FileLog,"FileLog/3[frame.DrawingFrame,model.DrawingModel,controller.DrawingController]",none,15,1,5,0,[1. 5. 0.],[0.]
145,D:\Masters\OOD\Object-Oriented-Design-Project\Design_Patterns_Paint-master\src\dialogs\DlgPoint.java,dialogs.DlgPoint$Anonymous1,mouseClicked/1[java.awt.event.MouseEvent],none,46,3,10,3,[ 3. 10.  2.],[1.]
146,D:\Masters\OOD\Object-Oriented-Design-Project\Design_Patterns_Paint-master\src\dialogs\DlgPoint.java,dialogs.DlgPoint$Anonymous2,actionPerformed/1[java.awt.event.ActionEvent],minor,2233,8,19,6,[ 8. 17.  4.],[2.82842712]
147,D:\Masters\OOD\Object-Oriented-Design-Project\Design_Patterns_Paint-master\src\dialogs\DlgPoint.java,dialogs.DlgPoint$Anonymous3,mouseClicked/1[java.awt.event.MouseEvent],none,1,1,4,0,[1. 4. 0.],[0.]
148,D:\Masters\OOD\Object-Oriented-Design-Project\Design_Patterns_Paint-master\src\dialogs\DlgSquare.java,dialogs.DlgSquare,DlgSquare/0,critical,92,1,166,2,[ 18. 123.   5.],[46.33573135]
149,D:\Masters\OOD\Object-Oriented-Design-Project\Design_Patterns_Paint-master\src\dialogs\DlgSquare.java,dialogs.DlgSquare,deleteButtons/0,none,1,1,4,0,[1. 4. 0.],[0.]
150,D:\Masters\OOD\Object-Oriented-Design-Project\Design_Patterns_Paint-master\src\dialogs\DlgSquare.java,dialogs.DlgSquare,getXcoordinate/0,none,0,1,3,0,[1. 3. 0.],[0.]
151,D:\Masters\OOD\Object-Oriented-Design-Project\Design_Patterns_Paint-master\src\dialogs\DlgSquare.java,dialogs.DlgSquare,main/1[java.lang.String[]],none,34,2,10,1,[ 2. 10.  1.],[0.]
152,D:\Masters\OOD\Object-Oriented-Design-Project\Design_Patterns_Paint-master\src\dialogs\DlgSquare.java,dialogs.DlgSquare,getEdgeColor/0,none,0,1,3,0,[1. 3. 0.],[0.]
153,D:\Masters\OOD\Object-Oriented-Design-Project\Design_Patterns_Paint-master\src\dialogs\DlgSquare.java,dialogs.DlgSquare,isConfirmed/0,none,0,1,3,0,[1. 3. 0.],[0.]
154,D:\Masters\OOD\Object-Oriented-Design-Project\Design_Patterns_Paint-master\src\dialogs\DlgSquare.java,dialogs.DlgSquare,"fillUp/3[shapes.Square,int,int]",none,239,3,13,2,[ 3. 13.  2.],[0.]
155,D:\Masters\OOD\Object-Oriented-Design-Project\Design_Patterns_Paint-master\src\dialogs\DlgSquare.java,dialogs.DlgSquare,"write/4[int,int,int,int]",none,4,1,8,0,[1. 8. 0.],[0.]
156,D:\Masters\OOD\Object-Oriented-Design-Project\Design_Patterns_Paint-master\src\dialogs\DlgSquare.java,dialogs.DlgSquare,getSideLength/0,none,0,1,3,0,[1. 3. 0.],[0.]
157,D:\Masters\OOD\Object-Oriented-Design-Project\Design_Patterns_Paint-master\src\dialogs\DlgSquare.java,dialogs.DlgSquare,getYcoordinate/0,none,0,1,3,0,[1. 3. 0.],[0.]
158,D:\Masters\OOD\Object-Oriented-Design-Project\Design_Patterns_Paint-master\src\dialogs\DlgSquare.java,dialogs.DlgSquare,getInteriorColor/0,none,0,1,3,0,[1. 3. 0.],[0.]
159,D:\Masters\OOD\Object-Oriented-Design-Project\Design_Patterns_Paint-master\src\dialogs\DlgSquare.java,dialogs.DlgSquare$Anonymous1,mouseClicked/1[java.awt.event.MouseEvent],none,46,3,10,3,[ 3. 10.  2.],[1.]
160,D:\Masters\OOD\Object-Oriented-Design-Project\Design_Patterns_Paint-master\src\adapter\HexagonAdapter.java,adapter.HexagonAdapter,setInteriorColor/1[java.awt.Color],none,1,1,4,0,[1. 4. 0.],[0.]
161,D:\Masters\OOD\Object-Oriented-Design-Project\Design_Patterns_Paint-master\src\adapter\HexagonAdapter.java,adapter.HexagonAdapter,draw/1[java.awt.Graphics],none,1,1,4,0,[1. 4. 0.],[0.]
162,D:\Masters\OOD\Object-Oriented-Design-Project\Design_Patterns_Paint-master\src\adapter\HexagonAdapter.java,adapter.HexagonAdapter,getXcoordinate/0,none,0,1,3,0,[1. 3. 0.],[0.]
163,D:\Masters\OOD\Object-Oriented-Design-Project\Design_Patterns_Paint-master\src\adapter\HexagonAdapter.java,adapter.HexagonAdapter,setColor/1[java.awt.Color],none,1,1,4,0,[1. 4. 0.],[0.]
164,D:\Masters\OOD\Object-Oriented-Design-Project\Design_Patterns_Paint-master\src\adapter\HexagonAdapter.java,adapter.HexagonAdapter,getYcoordinate/0,none,0,1,3,0,[1. 3. 0.],[0.]
165,D:\Masters\OOD\Object-Oriented-Design-Project\Design_Patterns_Paint-master\src\adapter\HexagonAdapter.java,adapter.HexagonAdapter,fillUpShape/1[java.awt.Graphics],none,78,1,2,0,[1. 2. 0.],[0.]
166,D:\Masters\OOD\Object-Oriented-Design-Project\Design_Patterns_Paint-master\src\adapter\HexagonAdapter.java,adapter.HexagonAdapter,setSelected/1[boolean],none,1,1,4,0,[1. 4. 0.],[0.]
167,D:\Masters\OOD\Object-Oriented-Design-Project\Design_Patterns_Paint-master\src\adapter\HexagonAdapter.java,adapter.HexagonAdapter,toString/0,none,0,1,3,0,[1. 3. 0.],[0.]
168,D:\Masters\OOD\Object-Oriented-Design-Project\Design_Patterns_Paint-master\src\adapter\HexagonAdapter.java,adapter.HexagonAdapter,"moveTo/2[int,int]",none,1,1,4,0,[1. 4. 0.],[0.]
169,D:\Masters\OOD\Object-Oriented-Design-Project\Design_Patterns_Paint-master\src\adapter\HexagonAdapter.java,adapter.HexagonAdapter,selected/1[java.awt.Graphics],none,78,1,2,0,[1. 2. 0.],[0.]
170,D:\Masters\OOD\Object-Oriented-Design-Project\Design_Patterns_Paint-master\src\adapter\HexagonAdapter.java,adapter.HexagonAdapter,equals/1[java.lang.Object],none,42,2,7,1,[2. 7. 1.],[0.]
171,D:\Masters\OOD\Object-Oriented-Design-Project\Design_Patterns_Paint-master\src\adapter\HexagonAdapter.java,adapter.HexagonAdapter,getColor/0,none,0,1,3,0,[1. 3. 0.],[0.]
172,D:\Masters\OOD\Object-Oriented-Design-Project\Design_Patterns_Paint-master\src\adapter\HexagonAdapter.java,adapter.HexagonAdapter,getR/0,none,0,1,3,0,[1. 3. 0.],[0.]
173,D:\Masters\OOD\Object-Oriented-Design-Project\Design_Patterns_Paint-master\src\adapter\HexagonAdapter.java,adapter.HexagonAdapter,isSelected/0,none,0,1,3,0,[1. 3. 0.],[0.]
174,D:\Masters\OOD\Object-Oriented-Design-Project\Design_Patterns_Paint-master\src\adapter\HexagonAdapter.java,adapter.HexagonAdapter,getInteriorColor/0,none,0,1,3,0,[1. 3. 0.],[0.]
175,D:\Masters\OOD\Object-Oriented-Design-Project\Design_Patterns_Paint-master\src\adapter\HexagonAdapter.java,adapter.HexagonAdapter,"containsClick/2[int,int]",none,0,1,3,0,[1. 3. 0.],[0.]
176,D:\Masters\OOD\Object-Oriented-Design-Project\Design_Patterns_Paint-master\src\adapter\HexagonAdapter.java,adapter.HexagonAdapter,HexagonAdapter/1[adapter.Hexagon],none,0,1,3,0,[1. 3. 0.],[0.]
177,D:\Masters\OOD\Object-Oriented-Design-Project\Design_Patterns_Paint-master\src\adapter\HexagonAdapter.java,adapter.HexagonAdapter,clone/0,none,13,1,6,0,[1. 6. 0.],[0.]
178,D:\Masters\OOD\Object-Oriented-Design-Project\Design_Patterns_Paint-master\src\adapter\HexagonAdapter.java,adapter.HexagonAdapter,setR/1[int],none,0,1,3,0,[1. 3. 0.],[0.]
179,D:\Masters\OOD\Object-Oriented-Design-Project\Design_Patterns_Paint-master\src\adapter\HexagonAdapter.java,adapter.HexagonAdapter,compareTo/1[shapes.Shape],none,563,2,4,1,[2. 4. 1.],[0.]
180,D:\Masters\OOD\Object-Oriented-Design-Project\Design_Patterns_Paint-master\src\dialogs\DlgCircle.java,dialogs.DlgCircle$Anonymous2,mouseClicked/1[java.awt.event.MouseEvent],none,46,3,10,3,[ 3. 10.  2.],[1.]
181,D:\Masters\OOD\Object-Oriented-Design-Project\Design_Patterns_Paint-master\src\dialogs\DlgCircle.java,dialogs.DlgCircle$Anonymous1,mouseClicked/1[java.awt.event.MouseEvent],none,761,4,9,3,[4. 9. 2.],[1.]
182,D:\Masters\OOD\Object-Oriented-Design-Project\Design_Patterns_Paint-master\src\dialogs\DlgCircle.java,dialogs.DlgCircle$Anonymous4,mouseClicked/1[java.awt.event.MouseEvent],none,1,1,4,0,[1. 4. 0.],[0.]
183,D:\Masters\OOD\Object-Oriented-Design-Project\Design_Patterns_Paint-master\src\commands\CmdBringToBack.java,commands.CmdBringToBack,execute/0,none,15,1,5,0,[1. 5. 0.],[0.]
184,D:\Masters\OOD\Object-Oriented-Design-Project\Design_Patterns_Paint-master\src\commands\CmdBringToBack.java,commands.CmdBringToBack,"CmdBringToBack/2[model.DrawingModel,shapes.Shape]",none,1,1,4,0,[1. 4. 0.],[0.]
185,D:\Masters\OOD\Object-Oriented-Design-Project\Design_Patterns_Paint-master\src\commands\CmdBringToBack.java,commands.CmdBringToBack,unexecute/0,none,1,1,4,0,[1. 4. 0.],[0.]
186,D:\Masters\OOD\Object-Oriented-Design-Project\Design_Patterns_Paint-master\src\dialogs\DlgCircle.java,dialogs.DlgCircle$Anonymous3,actionPerformed/1[java.awt.event.ActionEvent],none,583,12,20,6,[ 9. 23.  4.],[4.69041576]
187,D:\Masters\OOD\Object-Oriented-Design-Project\Design_Patterns_Paint-master\src\shapes\Circle.java,shapes.Circle,draw/1[java.awt.Graphics],none,16,2,6,1,[2. 6. 1.],[0.]
188,D:\Masters\OOD\Object-Oriented-Design-Project\Design_Patterns_Paint-master\src\shapes\Circle.java,shapes.Circle,Circle/0,none,78,1,2,0,[1. 2. 0.],[0.]
189,D:\Masters\OOD\Object-Oriented-Design-Project\Design_Patterns_Paint-master\src\shapes\Circle.java,shapes.Circle,"containsClick/2[int,int]",none,563,2,4,1,[2. 4. 1.],[0.]
190,D:\Masters\OOD\Object-Oriented-Design-Project\Design_Patterns_Paint-master\src\shapes\Circle.java,shapes.Circle,selected/1[java.awt.Graphics],none,1,1,4,0,[1. 4. 0.],[0.]
191,D:\Masters\OOD\Object-Oriented-Design-Project\Design_Patterns_Paint-master\src\shapes\Circle.java,shapes.Circle,"moveTo/2[int,int]",none,0,1,3,0,[1. 3. 0.],[0.]
192,D:\Masters\OOD\Object-Oriented-Design-Project\Design_Patterns_Paint-master\src\shapes\Circle.java,shapes.Circle,setRadius/1[int],none,0,1,3,0,[1. 3. 0.],[0.]
193,D:\Masters\OOD\Object-Oriented-Design-Project\Design_Patterns_Paint-master\src\shapes\Circle.java,shapes.Circle,toString/0,none,0,1,3,0,[1. 3. 0.],[0.]
194,D:\Masters\OOD\Object-Oriented-Design-Project\Design_Patterns_Paint-master\src\shapes\Circle.java,shapes.Circle,fillUpShape/1[java.awt.Graphics],none,1,1,4,0,[1. 4. 0.],[0.]
195,D:\Masters\OOD\Object-Oriented-Design-Project\Design_Patterns_Paint-master\src\shapes\Circle.java,shapes.Circle,setCenter/1[shapes.Point],none,0,1,3,0,[1. 3. 0.],[0.]
196,D:\Masters\OOD\Object-Oriented-Design-Project\Design_Patterns_Paint-master\src\shapes\Circle.java,shapes.Circle,getRadius/0,none,0,1,3,0,[1. 3. 0.],[0.]
197,D:\Masters\OOD\Object-Oriented-Design-Project\Design_Patterns_Paint-master\src\shapes\Circle.java,shapes.Circle,"Circle/4[shapes.Point,int,java.awt.Color,java.awt.Color]",none,13,1,6,0,[1. 6. 0.],[0.]
198,D:\Masters\OOD\Object-Oriented-Design-Project\Design_Patterns_Paint-master\src\shapes\Circle.java,shapes.Circle,compareTo/1[shapes.Shape],none,563,2,4,1,[2. 4. 1.],[0.]
199,D:\Masters\OOD\Object-Oriented-Design-Project\Design_Patterns_Paint-master\src\shapes\Circle.java,shapes.Circle,equals/1[java.lang.Object],none,42,2,7,1,[2. 7. 1.],[0.]
200,D:\Masters\OOD\Object-Oriented-Design-Project\Design_Patterns_Paint-master\src\shapes\Circle.java,shapes.Circle,getCenter/0,none,0,1,3,0,[1. 3. 0.],[0.]
201,D:\Masters\OOD\Object-Oriented-Design-Project\Design_Patterns_Paint-master\src\shapes\Circle.java,shapes.Circle,clone/0,none,0,1,3,0,[1. 3. 0.],[0.]
202,D:\Masters\OOD\Object-Oriented-Design-Project\Design_Patterns_Paint-master\src\commands\CmdUpdateSquare.java,commands.CmdUpdateSquare,execute/0,none,45,1,7,0,[1. 7. 0.],[0.]
203,D:\Masters\OOD\Object-Oriented-Design-Project\Design_Patterns_Paint-master\src\commands\CmdUpdateSquare.java,commands.CmdUpdateSquare,"CmdUpdateSquare/2[shapes.Square,shapes.Square]",none,1,1,4,0,[1. 4. 0.],[0.]
204,D:\Masters\OOD\Object-Oriented-Design-Project\Design_Patterns_Paint-master\src\commands\CmdUpdateSquare.java,commands.CmdUpdateSquare,unexecute/0,none,13,1,6,0,[1. 6. 0.],[0.]
205,D:\Masters\OOD\Object-Oriented-Design-Project\Design_Patterns_Paint-master\src\strategy\FileHandler.java,strategy.FileHandler,save/1[java.io.File],none,78,1,1,0,[1. 2. 0.],[1.]
206,D:\Masters\OOD\Object-Oriented-Design-Project\Design_Patterns_Paint-master\src\strategy\FileHandler.java,strategy.FileHandler,open/1[java.io.File],none,78,1,1,0,[1. 2. 0.],[1.]
207,D:\Masters\OOD\Object-Oriented-Design-Project\Design_Patterns_Paint-master\src\shapes\Line.java,shapes.Line,"Line/2[shapes.Point,shapes.Point]",none,1,1,4,0,[1. 4. 0.],[0.]
208,D:\Masters\OOD\Object-Oriented-Design-Project\Design_Patterns_Paint-master\src\shapes\Line.java,shapes.Line,getInitial/0,none,0,1,3,0,[1. 3. 0.],[0.]
209,D:\Masters\OOD\Object-Oriented-Design-Project\Design_Patterns_Paint-master\src\shapes\Line.java,shapes.Line,setInitial/1[shapes.Point],none,0,1,3,0,[1. 3. 0.],[0.]
210,D:\Masters\OOD\Object-Oriented-Design-Project\Design_Patterns_Paint-master\src\shapes\Line.java,shapes.Line,draw/1[java.awt.Graphics],none,7,2,5,1,[2. 5. 1.],[0.]
211,D:\Masters\OOD\Object-Oriented-Design-Project\Design_Patterns_Paint-master\src\shapes\Line.java,shapes.Line,selected/1[java.awt.Graphics],none,13,1,6,0,[1. 6. 0.],[0.]
212,D:\Masters\OOD\Object-Oriented-Design-Project\Design_Patterns_Paint-master\src\shapes\Line.java,shapes.Line,getLast/0,none,0,1,3,0,[1. 3. 0.],[0.]
213,D:\Masters\OOD\Object-Oriented-Design-Project\Design_Patterns_Paint-master\src\shapes\Line.java,shapes.Line,setLast/1[shapes.Point],none,0,1,3,0,[1. 3. 0.],[0.]
214,D:\Masters\OOD\Object-Oriented-Design-Project\Design_Patterns_Paint-master\src\shapes\Line.java,shapes.Line,"moveTo/2[int,int]",none,78,1,2,0,[1. 2. 0.],[0.]
215,D:\Masters\OOD\Object-Oriented-Design-Project\Design_Patterns_Paint-master\src\shapes\Line.java,shapes.Line,"Line/3[shapes.Point,shapes.Point,java.awt.Color]",none,1,1,4,0,[1. 4. 0.],[0.]
216,D:\Masters\OOD\Object-Oriented-Design-Project\Design_Patterns_Paint-master\src\shapes\Line.java,shapes.Line,toString/0,none,0,1,3,0,[1. 3. 0.],[0.]
217,D:\Masters\OOD\Object-Oriented-Design-Project\Design_Patterns_Paint-master\src\shapes\Line.java,shapes.Line,"containsClick/2[int,int]",none,563,2,4,1,[2. 4. 1.],[0.]
218,D:\Masters\OOD\Object-Oriented-Design-Project\Design_Patterns_Paint-master\src\shapes\Line.java,shapes.Line,compareTo/1[shapes.Shape],none,563,2,4,1,[2. 4. 1.],[0.]
219,D:\Masters\OOD\Object-Oriented-Design-Project\Design_Patterns_Paint-master\src\shapes\Line.java,shapes.Line,distance/0,none,0,1,3,0,[1. 3. 0.],[0.]
220,D:\Masters\OOD\Object-Oriented-Design-Project\Design_Patterns_Paint-master\src\shapes\Line.java,shapes.Line,Line/0,none,78,1,2,0,[1. 2. 0.],[0.]
221,D:\Masters\OOD\Object-Oriented-Design-Project\Design_Patterns_Paint-master\src\shapes\Line.java,shapes.Line,clone/0,none,0,1,3,0,[1. 3. 0.],[0.]
222,D:\Masters\OOD\Object-Oriented-Design-Project\Design_Patterns_Paint-master\src\shapes\Line.java,shapes.Line,centerOfLine/0,none,0,1,3,0,[1. 3. 0.],[0.]
223,D:\Masters\OOD\Object-Oriented-Design-Project\Design_Patterns_Paint-master\src\shapes\Line.java,shapes.Line,equals/1[java.lang.Object],none,42,2,7,1,[2. 7. 1.],[0.]
224,D:\Masters\OOD\Object-Oriented-Design-Project\Design_Patterns_Paint-master\src\dialogs\DlgCircle.java,dialogs.DlgCircle,getRadiusLength/0,none,0,1,3,0,[1. 3. 0.],[0.]
225,D:\Masters\OOD\Object-Oriented-Design-Project\Design_Patterns_Paint-master\src\dialogs\DlgCircle.java,dialogs.DlgCircle,getYcoordinateOfCenter/0,none,0,1,3,0,[1. 3. 0.],[0.]
226,D:\Masters\OOD\Object-Oriented-Design-Project\Design_Patterns_Paint-master\src\dialogs\DlgCircle.java,dialogs.DlgCircle,getEdgeColor/0,none,0,1,3,0,[1. 3. 0.],[0.]
227,D:\Masters\OOD\Object-Oriented-Design-Project\Design_Patterns_Paint-master\src\dialogs\DlgCircle.java,dialogs.DlgCircle,main/1[java.lang.String[]],none,34,2,10,1,[ 2. 10.  1.],[0.]
228,D:\Masters\OOD\Object-Oriented-Design-Project\Design_Patterns_Paint-master\src\dialogs\DlgCircle.java,dialogs.DlgCircle,isConfirmed/0,none,0,1,3,0,[1. 3. 0.],[0.]
229,D:\Masters\OOD\Object-Oriented-Design-Project\Design_Patterns_Paint-master\src\dialogs\DlgCircle.java,dialogs.DlgCircle,"write/4[int,int,int,int]",none,4,1,8,0,[1. 8. 0.],[0.]
230,D:\Masters\OOD\Object-Oriented-Design-Project\Design_Patterns_Paint-master\src\dialogs\DlgCircle.java,dialogs.DlgCircle,"fillUp/3[shapes.Circle,int,int]",none,239,3,13,2,[ 3. 13.  2.],[0.]
231,D:\Masters\OOD\Object-Oriented-Design-Project\Design_Patterns_Paint-master\src\dialogs\DlgCircle.java,dialogs.DlgCircle,getInteriorColor/0,none,0,1,3,0,[1. 3. 0.],[0.]
232,D:\Masters\OOD\Object-Oriented-Design-Project\Design_Patterns_Paint-master\src\dialogs\DlgCircle.java,dialogs.DlgCircle,deleteButtons/0,none,1,1,4,0,[1. 4. 0.],[0.]
233,D:\Masters\OOD\Object-Oriented-Design-Project\Design_Patterns_Paint-master\src\dialogs\DlgCircle.java,dialogs.DlgCircle,getXcoordinateOfCenter/0,none,0,1,3,0,[1. 3. 0.],[0.]
234,D:\Masters\OOD\Object-Oriented-Design-Project\Design_Patterns_Paint-master\src\dialogs\DlgCircle.java,dialogs.DlgCircle,DlgCircle/0,critical,92,1,173,2,[ 18. 123.   5.],[52.89612462]
235,D:\Masters\OOD\Object-Oriented-Design-Project\Design_Patterns_Paint-master\src\shapes\SurfaceShape.java,shapes.SurfaceShape,setInteriorColor/1[java.awt.Color],none,0,1,3,0,[1. 3. 0.],[0.]
236,D:\Masters\OOD\Object-Oriented-Design-Project\Design_Patterns_Paint-master\src\shapes\SurfaceShape.java,shapes.SurfaceShape,getInteriorColor/0,none,0,1,3,0,[1. 3. 0.],[0.]
237,D:\Masters\OOD\Object-Oriented-Design-Project\Design_Patterns_Paint-master\src\shapes\SurfaceShape.java,shapes.SurfaceShape,fillUpShape/1[java.awt.Graphics],none,78,1,1,0,[1. 2. 0.],[1.]
238,D:\Masters\OOD\Object-Oriented-Design-Project\Design_Patterns_Paint-master\src\commands\CmdBringToFront.java,commands.CmdBringToFront,execute/0,none,15,1,5,0,[1. 5. 0.],[0.]
239,D:\Masters\OOD\Object-Oriented-Design-Project\Design_Patterns_Paint-master\src\commands\CmdBringToFront.java,commands.CmdBringToFront,"CmdBringToFront/3[model.DrawingModel,shapes.Shape,int]",none,15,1,5,0,[1. 5. 0.],[0.]
240,D:\Masters\OOD\Object-Oriented-Design-Project\Design_Patterns_Paint-master\src\commands\CmdBringToFront.java,commands.CmdBringToFront,unexecute/0,none,1,1,4,0,[1. 4. 0.],[0.]
241,D:\Masters\OOD\Object-Oriented-Design-Project\Design_Patterns_Paint-master\src\dialogs\DlgSquare.java,dialogs.DlgSquare$Anonymous4,mouseClicked/1[java.awt.event.MouseEvent],none,1,1,4,0,[1. 4. 0.],[0.]
242,D:\Masters\OOD\Object-Oriented-Design-Project\Design_Patterns_Paint-master\src\commands\CmdUpdateCircle.java,commands.CmdUpdateCircle,execute/0,none,45,1,7,0,[1. 7. 0.],[0.]
243,D:\Masters\OOD\Object-Oriented-Design-Project\Design_Patterns_Paint-master\src\commands\CmdUpdateCircle.java,commands.CmdUpdateCircle,"CmdUpdateCircle/2[shapes.Circle,shapes.Circle]",none,1,1,4,0,[1. 4. 0.],[0.]
244,D:\Masters\OOD\Object-Oriented-Design-Project\Design_Patterns_Paint-master\src\commands\CmdUpdateCircle.java,commands.CmdUpdateCircle,unexecute/0,none,13,1,6,0,[1. 6. 0.],[0.]
245,D:\Masters\OOD\Object-Oriented-Design-Project\Design_Patterns_Paint-master\src\dialogs\DlgSquare.java,dialogs.DlgSquare$Anonymous3,actionPerformed/1[java.awt.event.ActionEvent],minor,1988,10,20,6,[ 8. 22.  4.],[3.46410162]
246,D:\Masters\OOD\Object-Oriented-Design-Project\Design_Patterns_Paint-master\src\commands\CmdToBack.java,commands.CmdToBack,"CmdToBack/2[model.DrawingModel,shapes.Shape]",none,1,1,4,0,[1. 4. 0.],[0.]
247,D:\Masters\OOD\Object-Oriented-Design-Project\Design_Patterns_Paint-master\src\commands\CmdToBack.java,commands.CmdToBack,execute/0,none,15,1,5,0,[1. 5. 0.],[0.]
248,D:\Masters\OOD\Object-Oriented-Design-Project\Design_Patterns_Paint-master\src\commands\CmdToBack.java,commands.CmdToBack,unexecute/0,none,1,1,4,0,[1. 4. 0.],[0.]
249,D:\Masters\OOD\Object-Oriented-Design-Project\Design_Patterns_Paint-master\src\dialogs\DlgSquare.java,dialogs.DlgSquare$Anonymous2,mouseClicked/1[java.awt.event.MouseEvent],none,761,4,9,3,[4. 9. 2.],[1.]
250,D:\Masters\OOD\Object-Oriented-Design-Project\Design_Patterns_Paint-master\src\commands\Command.java,commands.Command,unexecute/0,none,78,1,1,0,[1. 2. 0.],[1.]
251,D:\Masters\OOD\Object-Oriented-Design-Project\Design_Patterns_Paint-master\src\commands\Command.java,commands.Command,execute/0,none,78,1,1,0,[1. 2. 0.],[1.]
252,D:\Masters\OOD\Object-Oriented-Design-Project\Design_Patterns_Paint-master\src\shapes\Square.java,shapes.Square,draw/1[java.awt.Graphics],none,16,2,6,1,[2. 6. 1.],[0.]
253,D:\Masters\OOD\Object-Oriented-Design-Project\Design_Patterns_Paint-master\src\shapes\Square.java,shapes.Square,fillUpShape/1[java.awt.Graphics],none,1,1,4,0,[1. 4. 0.],[0.]
254,D:\Masters\OOD\Object-Oriented-Design-Project\Design_Patterns_Paint-master\src\shapes\Square.java,shapes.Square,"Square/4[shapes.Point,int,java.awt.Color,java.awt.Color]",none,15,1,5,0,[1. 5. 0.],[0.]
255,D:\Masters\OOD\Object-Oriented-Design-Project\Design_Patterns_Paint-master\src\shapes\Square.java,shapes.Square,setUpLeft/1[shapes.Point],none,0,1,3,0,[1. 3. 0.],[0.]
256,D:\Masters\OOD\Object-Oriented-Design-Project\Design_Patterns_Paint-master\src\shapes\Square.java,shapes.Square,getUpLeft/0,none,0,1,3,0,[1. 3. 0.],[0.]
257,D:\Masters\OOD\Object-Oriented-Design-Project\Design_Patterns_Paint-master\src\shapes\Square.java,shapes.Square,"Square/2[shapes.Point,int]",none,1,1,4,0,[1. 4. 0.],[0.]
258,D:\Masters\OOD\Object-Oriented-Design-Project\Design_Patterns_Paint-master\src\shapes\Square.java,shapes.Square,clone/0,none,0,1,3,0,[1. 3. 0.],[0.]
259,D:\Masters\OOD\Object-Oriented-Design-Project\Design_Patterns_Paint-master\src\shapes\Square.java,shapes.Square,selected/1[java.awt.Graphics],none,45,1,7,0,[1. 7. 0.],[0.]
260,D:\Masters\OOD\Object-Oriented-Design-Project\Design_Patterns_Paint-master\src\shapes\Square.java,shapes.Square,getSide/0,none,0,1,3,0,[1. 3. 0.],[0.]
261,D:\Masters\OOD\Object-Oriented-Design-Project\Design_Patterns_Paint-master\src\shapes\Square.java,shapes.Square,"moveTo/2[int,int]",none,0,1,3,0,[1. 3. 0.],[0.]
262,D:\Masters\OOD\Object-Oriented-Design-Project\Design_Patterns_Paint-master\src\shapes\Square.java,shapes.Square,compareTo/1[shapes.Shape],none,563,2,4,1,[2. 4. 1.],[0.]
263,D:\Masters\OOD\Object-Oriented-Design-Project\Design_Patterns_Paint-master\src\shapes\Square.java,shapes.Square,toString/0,none,0,1,3,0,[1. 3. 0.],[0.]
264,D:\Masters\OOD\Object-Oriented-Design-Project\Design_Patterns_Paint-master\src\shapes\Square.java,shapes.Square,Square/0,none,78,1,2,0,[1. 2. 0.],[0.]
265,D:\Masters\OOD\Object-Oriented-Design-Project\Design_Patterns_Paint-master\src\shapes\Square.java,shapes.Square,equals/1[java.lang.Object],none,42,2,7,1,[2. 7. 1.],[0.]
266,D:\Masters\OOD\Object-Oriented-Design-Project\Design_Patterns_Paint-master\src\shapes\Square.java,shapes.Square,setSide/1[int],none,0,1,3,0,[1. 3. 0.],[0.]
267,D:\Masters\OOD\Object-Oriented-Design-Project\Design_Patterns_Paint-master\src\shapes\Square.java,shapes.Square,diagonal/0,none,0,1,3,0,[1. 3. 0.],[0.]
268,D:\Masters\OOD\Object-Oriented-Design-Project\Design_Patterns_Paint-master\src\shapes\Square.java,shapes.Square,surface/0,none,0,1,3,0,[1. 3. 0.],[0.]
269,D:\Masters\OOD\Object-Oriented-Design-Project\Design_Patterns_Paint-master\src\shapes\Square.java,shapes.Square,"containsClick/2[int,int]",none,2033,5,4,1,[4. 4. 1.],[1.]
270,D:\Masters\OOD\Object-Oriented-Design-Project\Design_Patterns_Paint-master\src\dialogs\DlgLine.java,dialogs.DlgLine,isConfirmed/0,none,0,1,3,0,[1. 3. 0.],[0.]
271,D:\Masters\OOD\Object-Oriented-Design-Project\Design_Patterns_Paint-master\src\dialogs\DlgLine.java,dialogs.DlgLine,main/1[java.lang.String[]],none,34,2,10,1,[ 2. 10.  1.],[0.]
272,D:\Masters\OOD\Object-Oriented-Design-Project\Design_Patterns_Paint-master\src\dialogs\DlgLine.java,dialogs.DlgLine,getYcoordinateInitial/0,none,0,1,3,0,[1. 3. 0.],[0.]
273,D:\Masters\OOD\Object-Oriented-Design-Project\Design_Patterns_Paint-master\src\dialogs\DlgLine.java,dialogs.DlgLine,getColor/0,none,0,1,3,0,[1. 3. 0.],[0.]
274,D:\Masters\OOD\Object-Oriented-Design-Project\Design_Patterns_Paint-master\src\dialogs\DlgLine.java,dialogs.DlgLine,DlgLine/0,critical,92,1,173,2,[ 18. 123.   5.],[52.89612462]
275,D:\Masters\OOD\Object-Oriented-Design-Project\Design_Patterns_Paint-master\src\dialogs\DlgLine.java,dialogs.DlgLine,getYcoordinateLast/0,none,0,1,3,0,[1. 3. 0.],[0.]
276,D:\Masters\OOD\Object-Oriented-Design-Project\Design_Patterns_Paint-master\src\dialogs\DlgLine.java,dialogs.DlgLine,write/1[shapes.Line],none,4,1,8,0,[1. 8. 0.],[0.]
277,D:\Masters\OOD\Object-Oriented-Design-Project\Design_Patterns_Paint-master\src\dialogs\DlgLine.java,dialogs.DlgLine,getXcoordinateInitial/0,none,0,1,3,0,[1. 3. 0.],[0.]
278,D:\Masters\OOD\Object-Oriented-Design-Project\Design_Patterns_Paint-master\src\dialogs\DlgLine.java,dialogs.DlgLine,getXcoordinateLast/0,none,0,1,3,0,[1. 3. 0.],[0.]
279,D:\Masters\OOD\Object-Oriented-Design-Project\Design_Patterns_Paint-master\src\controller\DrawingController.java,controller.DrawingController,getSelectedShape/0,none,598,3,8,2,[3. 8. 2.],[0.]
280,D:\Masters\OOD\Object-Oriented-Design-Project\Design_Patterns_Paint-master\src\controller\DrawingController.java,controller.DrawingController,btnEdgeColorClicked/0,none,245,3,12,2,[ 3. 12.  2.],[0.]
281,D:\Masters\OOD\Object-Oriented-Design-Project\Design_Patterns_Paint-master\src\controller\DrawingController.java,controller.DrawingController,open/0,none,14,4,27,2,[ 5. 27.  2.],[1.]
282,D:\Masters\OOD\Object-Oriented-Design-Project\Design_Patterns_Paint-master\src\controller\DrawingController.java,controller.DrawingController,btnInteriorColorClicked/0,none,19,2,8,1,[2. 8. 1.],[0.]
283,D:\Masters\OOD\Object-Oriented-Design-Project\Design_Patterns_Paint-master\src\controller\DrawingController.java,controller.DrawingController,"DrawingController/2[model.DrawingModel,frame.DrawingFrame]",none,117,1,10,0,[ 1. 10.  0.],[0.]
284,D:\Masters\OOD\Object-Oriented-Design-Project\Design_Patterns_Paint-master\src\controller\DrawingController.java,controller.DrawingController,updateShapeClicked/0,none,373,7,9,6,[ 6. 10.  3.],[3.31662479]
285,D:\Masters\OOD\Object-Oriented-Design-Project\Design_Patterns_Paint-master\src\controller\DrawingController.java,controller.DrawingController,btnUpdateSquareClicked/1[shapes.Square],none,34,2,10,1,[ 2. 10.  1.],[0.]
286,D:\Masters\OOD\Object-Oriented-Design-Project\Design_Patterns_Paint-master\src\controller\DrawingController.java,controller.DrawingController,btnDeleteShapeClicked/0,none,251,4,16,3,[ 4. 16.  3.],[0.]
287,D:\Masters\OOD\Object-Oriented-Design-Project\Design_Patterns_Paint-master\src\controller\DrawingController.java,controller.DrawingController,handleSelectButtons/0,none,185,4,8,2,[4. 8. 2.],[0.]
288,D:\Masters\OOD\Object-Oriented-Design-Project\Design_Patterns_Paint-master\src\controller\DrawingController.java,controller.DrawingController,redo/0,none,1515,6,17,2,[ 6. 17.  2.],[0.]
289,D:\Masters\OOD\Object-Oriented-Design-Project\Design_Patterns_Paint-master\src\controller\DrawingController.java,controller.DrawingController,btnAddRectangleClicked/1[java.awt.event.MouseEvent],none,108,2,11,1,[ 2. 11.  1.],[0.]
290,D:\Masters\OOD\Object-Oriented-Design-Project\Design_Patterns_Paint-master\src\controller\DrawingController.java,controller.DrawingController,newDraw/0,none,108,2,11,1,[ 2. 11.  1.],[0.]
291,D:\Masters\OOD\Object-Oriented-Design-Project\Design_Patterns_Paint-master\src\controller\DrawingController.java,controller.DrawingController,executeCommand/1[commands.Command],none,1366,6,13,2,[ 6. 13.  2.],[0.]
292,D:\Masters\OOD\Object-Oriented-Design-Project\Design_Patterns_Paint-master\src\controller\DrawingController.java,controller.DrawingController,save/0,none,1448,6,23,3,[ 6. 23.  3.],[0.]
293,D:\Masters\OOD\Object-Oriented-Design-Project\Design_Patterns_Paint-master\src\controller\DrawingController.java,controller.DrawingController,btnAddHexagonClicked/1[java.awt.event.MouseEvent],none,548,2,14,1,[ 2. 14.  1.],[0.]
294,D:\Masters\OOD\Object-Oriented-Design-Project\Design_Patterns_Paint-master\src\controller\DrawingController.java,controller.DrawingController,btnUpdateCircleClicked/1[shapes.Circle],none,34,2,10,1,[ 2. 10.  1.],[0.]
295,D:\Masters\OOD\Object-Oriented-Design-Project\Design_Patterns_Paint-master\src\controller\DrawingController.java,controller.DrawingController,btnAddPointClicked/1[java.awt.event.MouseEvent],none,15,1,5,0,[1. 5. 0.],[0.]
296,D:\Masters\OOD\Object-Oriented-Design-Project\Design_Patterns_Paint-master\src\controller\DrawingController.java,controller.DrawingController,btnAddLineClicked/1[java.awt.event.MouseEvent],none,982,2,9,2,[2. 9. 2.],[0.]
297,D:\Masters\OOD\Object-Oriented-Design-Project\Design_Patterns_Paint-master\src\controller\DrawingController.java,controller.DrawingController,btnUpdatePointClicked/1[shapes.Point],none,34,2,10,1,[ 2. 10.  1.],[0.]
298,D:\Masters\OOD\Object-Oriented-Design-Project\Design_Patterns_Paint-master\src\controller\DrawingController.java,controller.DrawingController,btnAddSquareClicked/1[java.awt.event.MouseEvent],none,108,2,11,1,[ 2. 11.  1.],[0.]
299,D:\Masters\OOD\Object-Oriented-Design-Project\Design_Patterns_Paint-master\src\controller\DrawingController.java,controller.DrawingController,toFront/0,none,866,2,8,2,[2. 8. 2.],[0.]
300,D:\Masters\OOD\Object-Oriented-Design-Project\Design_Patterns_Paint-master\src\controller\DrawingController.java,controller.DrawingController,btnUpdateHexagonClicked/1[adapter.HexagonAdapter],none,308,2,13,1,[ 2. 13.  1.],[0.]
301,D:\Masters\OOD\Object-Oriented-Design-Project\Design_Patterns_Paint-master\src\controller\DrawingController.java,controller.DrawingController,btnUpdateLineClicked/1[shapes.Line],none,34,2,10,1,[ 2. 10.  1.],[0.]
302,D:\Masters\OOD\Object-Oriented-Design-Project\Design_Patterns_Paint-master\src\controller\DrawingController.java,controller.DrawingController,toBack/0,none,866,2,8,2,[2. 8. 2.],[0.]
303,D:\Masters\OOD\Object-Oriented-Design-Project\Design_Patterns_Paint-master\src\controller\DrawingController.java,controller.DrawingController,undo/0,none,1772,7,14,2,[ 7. 14.  2.],[0.]
304,D:\Masters\OOD\Object-Oriented-Design-Project\Design_Patterns_Paint-master\src\controller\DrawingController.java,controller.DrawingController,btnAddCircleClicked/1[java.awt.event.MouseEvent],none,108,2,11,1,[ 2. 11.  1.],[0.]
305,D:\Masters\OOD\Object-Oriented-Design-Project\Design_Patterns_Paint-master\src\controller\DrawingController.java,controller.DrawingController,btnUpdateRectangleClicked/1[shapes.Rectangle],none,34,2,10,1,[ 2. 10.  1.],[0.]
306,D:\Masters\OOD\Object-Oriented-Design-Project\Design_Patterns_Paint-master\src\controller\DrawingController.java,controller.DrawingController,bringToFront/0,none,866,2,8,2,[2. 8. 2.],[0.]
307,D:\Masters\OOD\Object-Oriented-Design-Project\Design_Patterns_Paint-master\src\controller\DrawingController.java,controller.DrawingController,btnSelectShapeClicked/1[java.awt.event.MouseEvent],none,730,5,23,2,[ 5. 23.  2.],[0.]
308,D:\Masters\OOD\Object-Oriented-Design-Project\Design_Patterns_Paint-master\src\controller\DrawingController.java,controller.DrawingController,"handleSelect/2[java.lang.String,java.lang.String]",none,1384,7,16,2,[ 7. 17.  2.],[1.]
309,D:\Masters\OOD\Object-Oriented-Design-Project\Design_Patterns_Paint-master\src\controller\DrawingController.java,controller.DrawingController,bringToBack/0,none,866,2,8,2,[2. 8. 2.],[0.]
310,D:\Masters\OOD\Object-Oriented-Design-Project\Design_Patterns_Paint-master\src\controller\DrawingController.java,controller.DrawingController,addPropertyChangedListener/1[java.beans.PropertyChangeListener],none,0,1,3,0,[1. 3. 0.],[0.]
311,D:\Masters\OOD\Object-Oriented-Design-Project\Design_Patterns_Paint-master\src\model\DrawingModel.java,model.DrawingModel,removeMultiple/1[java.util.ArrayList<shapes.Shape>],none,0,1,3,0,[1. 3. 0.],[0.]
312,D:\Masters\OOD\Object-Oriented-Design-Project\Design_Patterns_Paint-master\src\model\DrawingModel.java,model.DrawingModel,getIndexOf/1[shapes.Shape],none,0,1,3,0,[1. 3. 0.],[0.]
313,D:\Masters\OOD\Object-Oriented-Design-Project\Design_Patterns_Paint-master\src\model\DrawingModel.java,model.DrawingModel,removeAtIndex/1[int],none,0,1,3,0,[1. 3. 0.],[0.]
314,D:\Masters\OOD\Object-Oriented-Design-Project\Design_Patterns_Paint-master\src\model\DrawingModel.java,model.DrawingModel,remove/1[shapes.Shape],none,0,1,3,0,[1. 3. 0.],[0.]
315,D:\Masters\OOD\Object-Oriented-Design-Project\Design_Patterns_Paint-master\src\model\DrawingModel.java,model.DrawingModel,getByIndex/1[int],none,0,1,3,0,[1. 3. 0.],[0.]
316,D:\Masters\OOD\Object-Oriented-Design-Project\Design_Patterns_Paint-master\src\model\DrawingModel.java,model.DrawingModel,DrawingModel/0,none,0,1,3,0,[1. 3. 0.],[0.]
317,D:\Masters\OOD\Object-Oriented-Design-Project\Design_Patterns_Paint-master\src\model\DrawingModel.java,model.DrawingModel,removeAll/0,none,0,1,3,0,[1. 3. 0.],[0.]
318,D:\Masters\OOD\Object-Oriented-Design-Project\Design_Patterns_Paint-master\src\model\DrawingModel.java,model.DrawingModel,"addToIndex/2[int,shapes.Shape]",none,0,1,3,0,[1. 3. 0.],[0.]
319,D:\Masters\OOD\Object-Oriented-Design-Project\Design_Patterns_Paint-master\src\model\DrawingModel.java,model.DrawingModel,getAll/0,none,0,1,3,0,[1. 3. 0.],[0.]
320,D:\Masters\OOD\Object-Oriented-Design-Project\Design_Patterns_Paint-master\src\model\DrawingModel.java,model.DrawingModel,add/1[shapes.Shape],none,0,1,3,0,[1. 3. 0.],[0.]
321,D:\Masters\OOD\Object-Oriented-Design-Project\Design_Patterns_Paint-master\src\model\DrawingModel.java,model.DrawingModel,addMultiple/1[java.util.ArrayList<shapes.Shape>],none,0,1,3,0,[1. 3. 0.],[0.]
322,D:\Masters\OOD\Object-Oriented-Design-Project\Design_Patterns_Paint-master\src\strategy\FilePicture.java,strategy.FilePicture,save/1[java.io.File],none,108,2,11,1,[ 2. 11.  1.],[0.]
323,D:\Masters\OOD\Object-Oriented-Design-Project\Design_Patterns_Paint-master\src\strategy\FilePicture.java,strategy.FilePicture,open/1[java.io.File],none,78,1,2,0,[1. 2. 0.],[0.]
324,D:\Masters\OOD\Object-Oriented-Design-Project\Design_Patterns_Paint-master\src\strategy\FilePicture.java,strategy.FilePicture,FilePicture/1[frame.DrawingFrame],none,0,1,3,0,[1. 3. 0.],[0.]
325,D:\Masters\OOD\Object-Oriented-Design-Project\Design_Patterns_Paint-master\src\commands\CmdAddShape.java,commands.CmdAddShape,execute/0,none,0,1,3,0,[1. 3. 0.],[0.]
326,D:\Masters\OOD\Object-Oriented-Design-Project\Design_Patterns_Paint-master\src\commands\CmdAddShape.java,commands.CmdAddShape,"CmdAddShape/2[shapes.Shape,model.DrawingModel]",none,1,1,4,0,[1. 4. 0.],[0.]
327,D:\Masters\OOD\Object-Oriented-Design-Project\Design_Patterns_Paint-master\src\commands\CmdAddShape.java,commands.CmdAddShape,unexecute/0,none,0,1,3,0,[1. 3. 0.],[0.]
328,D:\Masters\OOD\Object-Oriented-Design-Project\Design_Patterns_Paint-master\src\dialogs\DlgRectangle.java,dialogs.DlgRectangle,getRectangleWidth/0,none,0,1,3,0,[1. 3. 0.],[0.]
329,D:\Masters\OOD\Object-Oriented-Design-Project\Design_Patterns_Paint-master\src\dialogs\DlgRectangle.java,dialogs.DlgRectangle,DlgRectangle/0,critical,23,1,187,2,[ 56. 171.   5.],[57.3585216]
330,D:\Masters\OOD\Object-Oriented-Design-Project\Design_Patterns_Paint-master\src\dialogs\DlgRectangle.java,dialogs.DlgRectangle,getRectangleHeight/0,none,0,1,3,0,[1. 3. 0.],[0.]
331,D:\Masters\OOD\Object-Oriented-Design-Project\Design_Patterns_Paint-master\src\dialogs\DlgRectangle.java,dialogs.DlgRectangle,getEdgeColor/0,none,0,1,3,0,[1. 3. 0.],[0.]
332,D:\Masters\OOD\Object-Oriented-Design-Project\Design_Patterns_Paint-master\src\dialogs\DlgRectangle.java,dialogs.DlgRectangle,getYcoordinate/0,none,0,1,3,0,[1. 3. 0.],[0.]
333,D:\Masters\OOD\Object-Oriented-Design-Project\Design_Patterns_Paint-master\src\dialogs\DlgRectangle.java,dialogs.DlgRectangle,"fillUp/3[shapes.Rectangle,int,int]",none,566,3,14,2,[ 3. 14.  2.],[0.]
334,D:\Masters\OOD\Object-Oriented-Design-Project\Design_Patterns_Paint-master\src\dialogs\DlgRectangle.java,dialogs.DlgRectangle,main/1[java.lang.String[]],none,34,2,10,1,[ 2. 10.  1.],[0.]
335,D:\Masters\OOD\Object-Oriented-Design-Project\Design_Patterns_Paint-master\src\dialogs\DlgRectangle.java,dialogs.DlgRectangle,getXcoordinate/0,none,0,1,3,0,[1. 3. 0.],[0.]
336,D:\Masters\OOD\Object-Oriented-Design-Project\Design_Patterns_Paint-master\src\dialogs\DlgRectangle.java,dialogs.DlgRectangle,isConfirmed/0,none,0,1,3,0,[1. 3. 0.],[0.]
337,D:\Masters\OOD\Object-Oriented-Design-Project\Design_Patterns_Paint-master\src\dialogs\DlgRectangle.java,dialogs.DlgRectangle,getInteriorColor/0,none,0,1,3,0,[1. 3. 0.],[0.]
338,D:\Masters\OOD\Object-Oriented-Design-Project\Design_Patterns_Paint-master\src\dialogs\DlgRectangle.java,dialogs.DlgRectangle,deleteButtons/0,none,1,1,4,0,[1. 4. 0.],[0.]
339,D:\Masters\OOD\Object-Oriented-Design-Project\Design_Patterns_Paint-master\src\dialogs\DlgRectangle.java,dialogs.DlgRectangle,"write/4[int,int,int,int]",none,4,1,8,0,[1. 8. 0.],[0.]
340,D:\Masters\OOD\Object-Oriented-Design-Project\Design_Patterns_Paint-master\src\view\DrawingView.java,view.DrawingView,setModel/1[model.DrawingModel],none,0,1,3,0,[1. 3. 0.],[0.]
341,D:\Masters\OOD\Object-Oriented-Design-Project\Design_Patterns_Paint-master\src\view\DrawingView.java,view.DrawingView,DrawingView/0,none,78,1,2,0,[1. 2. 0.],[0.]
342,D:\Masters\OOD\Object-Oriented-Design-Project\Design_Patterns_Paint-master\src\view\DrawingView.java,view.DrawingView,paint/1[java.awt.Graphics],none,375,3,7,2,[3. 7. 2.],[0.]
343,D:\Masters\OOD\Object-Oriented-Design-Project\Design_Patterns_Paint-master\src\shapes\Movable.java,shapes.Movable,"moveTo/2[int,int]",none,78,1,1,0,[1. 2. 0.],[1.]
344,D:\Masters\OOD\Object-Oriented-Design-Project\Design_Patterns_Paint-master\src\frame\DrawingFrame.java,frame.DrawingFrame$Anonymous2,mouseClicked/1[java.awt.event.MouseEvent],none,185,4,8,3,[4. 8. 2.],[1.]
345,D:\Masters\OOD\Object-Oriented-Design-Project\Design_Patterns_Paint-master\src\frame\DrawingFrame.java,frame.DrawingFrame$Anonymous1,mouseClicked/1[java.awt.event.MouseEvent],none,563,2,4,1,[2. 4. 1.],[0.]
346,D:\Masters\OOD\Object-Oriented-Design-Project\Design_Patterns_Paint-master\src\frame\DrawingFrame.java,frame.DrawingFrame$Anonymous4,mouseClicked/1[java.awt.event.MouseEvent],none,0,1,3,0,[1. 3. 0.],[0.]
347,D:\Masters\OOD\Object-Oriented-Design-Project\Design_Patterns_Paint-master\src\frame\DrawingFrame.java,frame.DrawingFrame$Anonymous3,mouseClicked/1[java.awt.event.MouseEvent],none,0,1,3,0,[1. 3. 0.],[0.]
348,D:\Masters\OOD\Object-Oriented-Design-Project\Design_Patterns_Paint-master\src\commands\CmdToFront.java,commands.CmdToFront,"CmdToFront/2[model.DrawingModel,shapes.Shape]",none,1,1,4,0,[1. 4. 0.],[0.]
349,D:\Masters\OOD\Object-Oriented-Design-Project\Design_Patterns_Paint-master\src\commands\CmdToFront.java,commands.CmdToFront,execute/0,none,15,1,5,0,[1. 5. 0.],[0.]
350,D:\Masters\OOD\Object-Oriented-Design-Project\Design_Patterns_Paint-master\src\commands\CmdToFront.java,commands.CmdToFront,unexecute/0,none,1,1,4,0,[1. 4. 0.],[0.]
351,D:\Masters\OOD\Object-Oriented-Design-Project\Design_Patterns_Paint-master\src\frame\DrawingFrame.java,frame.DrawingFrame$Anonymous6,mouseClicked/1[java.awt.event.MouseEvent],none,0,1,3,0,[1. 3. 0.],[0.]
352,D:\Masters\OOD\Object-Oriented-Design-Project\Design_Patterns_Paint-master\src\frame\DrawingFrame.java,frame.DrawingFrame$Anonymous5,mouseClicked/1[java.awt.event.MouseEvent],none,0,1,3,0,[1. 3. 0.],[0.]
353,D:\Masters\OOD\Object-Oriented-Design-Project\Design_Patterns_Paint-master\src\frame\DrawingFrame.java,frame.DrawingFrame$Anonymous8,mouseClicked/1[java.awt.event.MouseEvent],none,0,1,3,0,[1. 3. 0.],[0.]
354,D:\Masters\OOD\Object-Oriented-Design-Project\Design_Patterns_Paint-master\src\frame\DrawingFrame.java,frame.DrawingFrame$Anonymous7,mouseClicked/1[java.awt.event.MouseEvent],none,0,1,3,0,[1. 3. 0.],[0.]
355,D:\Masters\OOD\Object-Oriented-Design-Project\Design_Patterns_Paint-master\src\shapes\Shape.java,shapes.Shape,"containsClick/2[int,int]",none,78,1,1,0,[1. 2. 0.],[1.]
356,D:\Masters\OOD\Object-Oriented-Design-Project\Design_Patterns_Paint-master\src\shapes\Shape.java,shapes.Shape,setSelected/1[boolean],none,0,1,3,0,[1. 3. 0.],[0.]
357,D:\Masters\OOD\Object-Oriented-Design-Project\Design_Patterns_Paint-master\src\shapes\Shape.java,shapes.Shape,setColor/1[java.awt.Color],none,0,1,3,0,[1. 3. 0.],[0.]
358,D:\Masters\OOD\Object-Oriented-Design-Project\Design_Patterns_Paint-master\src\shapes\Shape.java,shapes.Shape,draw/1[java.awt.Graphics],none,78,1,1,0,[1. 2. 0.],[1.]
359,D:\Masters\OOD\Object-Oriented-Design-Project\Design_Patterns_Paint-master\src\shapes\Shape.java,shapes.Shape,Shape/0,none,78,1,2,0,[1. 2. 0.],[0.]
360,D:\Masters\OOD\Object-Oriented-Design-Project\Design_Patterns_Paint-master\src\shapes\Shape.java,shapes.Shape,selected/1[java.awt.Graphics],none,78,1,1,0,[1. 2. 0.],[1.]
361,D:\Masters\OOD\Object-Oriented-Design-Project\Design_Patterns_Paint-master\src\shapes\Shape.java,shapes.Shape,isSelected/0,none,0,1,3,0,[1. 3. 0.],[0.]
362,D:\Masters\OOD\Object-Oriented-Design-Project\Design_Patterns_Paint-master\src\shapes\Shape.java,shapes.Shape,getColor/0,none,0,1,3,0,[1. 3. 0.],[0.]
363,D:\Masters\OOD\Object-Oriented-Design-Project\Design_Patterns_Paint-master\src\dialogs\DlgLogParser.java,dialogs.DlgLogParser,main/1[java.lang.String[]],none,34,2,10,1,[ 2. 10.  1.],[0.]
364,D:\Masters\OOD\Object-Oriented-Design-Project\Design_Patterns_Paint-master\src\dialogs\DlgLogParser.java,dialogs.DlgLogParser,addCommand/1[java.lang.String],none,0,1,3,0,[1. 3. 0.],[0.]
365,D:\Masters\OOD\Object-Oriented-Design-Project\Design_Patterns_Paint-master\src\dialogs\DlgLogParser.java,dialogs.DlgLogParser,DlgLogParser/0,major,552,1,55,2,[ 1. 56.  0.],[2.23606798]
366,D:\Masters\OOD\Object-Oriented-Design-Project\Design_Patterns_Paint-master\src\dialogs\DlgLogParser.java,dialogs.DlgLogParser,setFileLog/1[strategy.FileLog],none,0,1,3,0,[1. 3. 0.],[0.]
367,D:\Masters\OOD\Object-Oriented-Design-Project\Design_Patterns_Paint-master\src\dialogs\DlgLogParser.java,dialogs.DlgLogParser,closeDialog/0,none,0,1,3,0,[1. 3. 0.],[0.]
